DayofMonth,DayOfWeek,FlightDate,UniqueCarrier,TailNum,OriginAirportID,Origin,OriginStateName,DestAirportID,Dest,DestStateName,DepTime,DepDelay,WheelsOff,WheelsOn,ArrTime,ArrDelay,Cancelled,CancellationCode,Diverted,AirTime,Distance
3,1,10/3/16,AA,N786AA,10721,BOS,Massachusetts,12478,JFK,New York,556,-4,623,703,709,-6,0,,0,40,187
4,2,10/4/16,AA,N794AA,10721,BOS,Massachusetts,12478,JFK,New York,554,-6,615,703,712,-3,0,,0,48,187
1,6,10/1/16,AA,N783AA,12478,JFK,New York,12892,LAX,California,823,-7,844,1104,1111,-30,0,,0,320,2475
2,7,10/2/16,AA,N798AA,12478,JFK,New York,12892,LAX,California,847,17,904,1131,1159,18,0,,0,327,2475
3,1,10/3/16,AA,N786AA,12478,JFK,New York,12892,LAX,California,825,-5,838,1109,1131,-10,0,,0,331,2475
4,2,10/4/16,AA,N794AA,12478,JFK,New York,12892,LAX,California,826,-4,848,1114,1132,-9,0,,0,326,2475
5,3,10/5/16,AA,N797AA,12478,JFK,New York,12892,LAX,California,820,-10,842,1112,1133,-8,0,,0,330,2475
6,4,10/6/16,AA,N785AA,12478,JFK,New York,12892,LAX,California,829,-1,847,1107,1113,-28,0,,0,320,2475
7,5,10/7/16,AA,N786AA,12478,JFK,New York,12892,LAX,California,822,-8,838,1055,1106,-35,0,,0,317,2475
8,6,10/8/16,AA,N790AA,12478,JFK,New York,12892,LAX,California,825,-5,840,1050,1103,-38,0,,0,310,2475
9,7,10/9/16,AA,N784AA,12478,JFK,New York,12892,LAX,California,824,-6,840,1112,1116,-25,0,,0,332,2475
10,1,10/10/16,AA,N794AA,12478,JFK,New York,12892,LAX,California,819,-11,832,1108,1128,-13,0,,0,336,2475
11,2,10/11/16,AA,N786AA,12478,JFK,New York,12892,LAX,California,841,11,900,1133,1137,-4,0,,0,333,2475
12,3,10/12/16,AA,N786AA,12478,JFK,New York,12892,LAX,California,826,-4,845,1137,1151,10,0,,0,352,2475
13,4,10/13/16,AA,N790AA,12478,JFK,New York,12892,LAX,California,823,-7,845,1118,1127,-14,0,,0,333,2475
14,5,10/14/16,AA,N797AA,12478,JFK,New York,12892,LAX,California,831,1,855,1116,1135,-6,0,,0,321,2475
15,6,10/15/16,AA,N787AA,12478,JFK,New York,12892,LAX,California,824,-6,855,1103,1123,-18,0,,0,308,2475
16,7,10/16/16,AA,N783AA,12478,JFK,New York,12892,LAX,California,829,-1,846,1110,1130,-11,0,,0,324,2475
17,1,10/17/16,AA,N796AA,12478,JFK,New York,12892,LAX,California,826,-4,845,1110,1128,-13,0,,0,325,2475
18,2,10/18/16,AA,N788AA,12478,JFK,New York,12892,LAX,California,827,-3,855,1125,1141,0,0,,0,330,2475
19,3,10/19/16,AA,N795AA,12478,JFK,New York,12892,LAX,California,822,-8,840,1116,1124,-17,0,,0,336,2475
20,4,10/20/16,AA,N799AA,12478,JFK,New York,12892,LAX,California,822,-8,836,1058,1134,-7,0,,0,322,2475
21,5,10/21/16,AA,N797AA,12478,JFK,New York,12892,LAX,California,824,-6,843,1104,1110,-31,0,,0,321,2475
22,6,10/22/16,AA,N798AA,12478,JFK,New York,12892,LAX,California,823,-7,856,1118,1140,-1,0,,0,322,2475
23,7,10/23/16,AA,N784AA,12478,JFK,New York,12892,LAX,California,904,34,937,1204,1208,27,0,,0,327,2475
24,1,10/24/16,AA,N798AA,12478,JFK,New York,12892,LAX,California,823,-7,839,1137,1204,23,0,,0,358,2475
25,2,10/25/16,AA,N787AA,12478,JFK,New York,12892,LAX,California,824,-6,845,1110,1131,-10,0,,0,325,2475
26,3,10/26/16,AA,N795AA,12478,JFK,New York,12892,LAX,California,850,20,902,1128,1139,-2,0,,0,326,2475
27,4,10/27/16,AA,N796AA,12478,JFK,New York,12892,LAX,California,827,-3,851,1116,1129,-12,0,,0,325,2475
28,5,10/28/16,AA,N786AA,12478,JFK,New York,12892,LAX,California,821,-9,844,1125,1138,-3,0,,0,341,2475
29,6,10/29/16,AA,N799AA,12478,JFK,New York,12892,LAX,California,824,-6,838,1056,1133,-8,0,,0,318,2475
30,7,10/30/16,AA,N799AA,12478,JFK,New York,12892,LAX,California,825,-5,840,1108,1116,-25,0,,0,328,2475
31,1,10/31/16,AA,N787AA,12478,JFK,New York,12892,LAX,California,822,-8,841,1139,1154,13,0,,0,358,2475
1,6,10/1/16,AA,N785AA,12892,LAX,California,12478,JFK,New York,851,-9,912,1711,1722,-13,0,,0,299,2475
2,7,10/2/16,AA,N791AA,12892,LAX,California,12478,JFK,New York,856,-4,924,1710,1719,-16,0,,0,286,2475
3,1,10/3/16,AA,N789AA,12892,LAX,California,12478,JFK,New York,850,-10,914,1712,1723,-12,0,,0,298,2475
4,2,10/4/16,AA,N790AA,12892,LAX,California,12478,JFK,New York,,,,,,,1,A,0,,2475
5,3,10/5/16,AA,N790AA,12892,LAX,California,12478,JFK,New York,859,-1,920,1701,1736,1,0,,0,281,2475
6,4,10/6/16,AA,N789AA,12892,LAX,California,12478,JFK,New York,855,-5,913,1710,1729,-6,0,,0,297,2475
7,5,10/7/16,AA,N797AA,12892,LAX,California,12478,JFK,New York,849,-11,924,1711,1741,6,0,,0,287,2475
8,6,10/8/16,AA,N787AA,12892,LAX,California,12478,JFK,New York,849,-11,924,1721,1735,0,0,,0,297,2475
9,7,10/9/16,AA,N789AA,12892,LAX,California,12478,JFK,New York,858,-2,923,1721,1732,-3,0,,0,298,2475
10,1,10/10/16,AA,N792AA,12892,LAX,California,12478,JFK,New York,852,-8,918,1709,1737,2,0,,0,291,2475
11,2,10/11/16,AA,N790AA,12892,LAX,California,12478,JFK,New York,852,-8,918,1716,1727,-8,0,,0,298,2475
12,3,10/12/16,AA,N791AA,12892,LAX,California,12478,JFK,New York,847,-13,907,1642,1708,-27,0,,0,275,2475
13,4,10/13/16,AA,N796AA,12892,LAX,California,12478,JFK,New York,852,-8,915,1715,1745,10,0,,0,300,2475
14,5,10/14/16,AA,N796AA,12892,LAX,California,12478,JFK,New York,854,-6,933,1727,1737,2,0,,0,294,2475
15,6,10/15/16,AA,N783AA,12892,LAX,California,12478,JFK,New York,853,-7,914,1657,1726,-9,0,,0,283,2475
16,7,10/16/16,AA,N799AA,12892,LAX,California,12478,JFK,New York,1232,212,1307,2105,2115,220,0,,0,298,2475
17,1,10/17/16,AA,N792AA,12892,LAX,California,12478,JFK,New York,856,-4,915,1649,1657,-38,0,,0,274,2475
18,2,10/18/16,AA,N799AA,12892,LAX,California,12478,JFK,New York,852,-8,928,1701,1711,-24,0,,0,273,2475
19,3,10/19/16,AA,N785AA,12892,LAX,California,12478,JFK,New York,900,0,924,1700,1708,-27,0,,0,276,2475
20,4,10/20/16,AA,N791AA,12892,LAX,California,12478,JFK,New York,852,-8,917,1713,1723,-12,0,,0,296,2475
21,5,10/21/16,AA,N795AA,12892,LAX,California,12478,JFK,New York,853,-7,936,1738,1748,13,0,,0,302,2475
22,6,10/22/16,AA,N787AA,12892,LAX,California,12478,JFK,New York,901,1,926,1722,1746,11,0,,0,296,2475
23,7,10/23/16,AA,N787AA,12892,LAX,California,12478,JFK,New York,,,,,,,1,A,0,,2475
24,1,10/24/16,AA,N791AA,12892,LAX,California,12478,JFK,New York,908,8,938,1721,1729,-6,0,,0,283,2475
25,2,10/25/16,AA,N796AA,12892,LAX,California,12478,JFK,New York,855,-5,920,1700,1708,-27,0,,0,280,2475
26,3,10/26/16,AA,N799AA,12892,LAX,California,12478,JFK,New York,949,49,1006,1749,1758,23,0,,0,283,2475
27,4,10/27/16,AA,N794AA,12892,LAX,California,12478,JFK,New York,857,-3,912,1705,1717,-18,0,,0,293,2475
28,5,10/28/16,AA,N795AA,12892,LAX,California,12478,JFK,New York,904,4,940,1728,1732,-3,0,,0,288,2475
29,6,10/29/16,AA,N796AA,12892,LAX,California,12478,JFK,New York,946,46,1009,1752,1803,28,0,,0,283,2475
30,7,10/30/16,AA,N790AA,12892,LAX,California,12478,JFK,New York,912,12,932,1738,1755,20,0,,0,306,2475
31,1,10/31/16,AA,N790AA,12892,LAX,California,12478,JFK,New York,856,-4,915,1704,1710,-25,0,,0,289,2475
1,6,10/1/16,AA,N791AA,12478,JFK,New York,12892,LAX,California,1241,-4,1259,1529,1536,-9,0,,0,330,2475
2,7,10/2/16,AA,N783AA,12478,JFK,New York,12892,LAX,California,1239,-6,1258,1530,1532,-13,0,,0,332,2475
3,1,10/3/16,AA,N787AA,12478,JFK,New York,12892,LAX,California,1238,-7,1255,1521,1537,-8,0,,0,326,2475
4,2,10/4/16,AA,N785AA,12478,JFK,New York,12892,LAX,California,1235,-10,1248,1508,1513,-32,0,,0,320,2475
5,3,10/5/16,AA,N783AA,12478,JFK,New York,12892,LAX,California,1246,1,1307,1528,1534,-11,0,,0,321,2475
6,4,10/6/16,AA,N783AA,12478,JFK,New York,12892,LAX,California,1154,-6,1211,1433,1437,-23,0,,0,322,2475
7,5,10/7/16,AA,N788AA,12478,JFK,New York,12892,LAX,California,1202,2,1231,1451,1457,-3,0,,0,320,2475
8,6,10/8/16,AA,N789AA,12478,JFK,New York,12892,LAX,California,1155,-5,1217,1456,1500,0,0,,0,339,2475
9,7,10/9/16,AA,N788AA,12478,JFK,New York,12892,LAX,California,1154,-6,1213,1451,1504,4,0,,0,338,2475
10,1,10/10/16,AA,N783AA,12478,JFK,New York,12892,LAX,California,1159,-1,1218,1517,1525,25,0,,0,359,2475
11,2,10/11/16,AA,N789AA,12478,JFK,New York,12892,LAX,California,1207,7,1232,1519,1528,28,0,,0,347,2475
12,3,10/12/16,AA,N787AA,12478,JFK,New York,12892,LAX,California,1159,-1,1218,1457,1505,5,0,,0,339,2475
13,4,10/13/16,AA,N791AA,12478,JFK,New York,12892,LAX,California,1200,0,1223,1458,1512,12,0,,0,335,2475
14,5,10/14/16,AA,N789AA,12478,JFK,New York,12892,LAX,California,1159,-1,1217,1437,1442,-18,0,,0,320,2475
15,6,10/15/16,AA,N799AA,12478,JFK,New York,12892,LAX,California,1156,-4,1215,1437,1447,-13,0,,0,322,2475
16,7,10/16/16,AA,N789AA,12478,JFK,New York,12892,LAX,California,1151,-9,1208,1429,1437,-23,0,,0,321,2475
17,1,10/17/16,AA,N789AA,12478,JFK,New York,12892,LAX,California,1200,0,1231,1507,1532,32,0,,0,336,2475
18,2,10/18/16,AA,N797AA,12478,JFK,New York,12892,LAX,California,1156,-4,1211,1437,1449,-11,0,,0,326,2475
19,3,10/19/16,AA,N792AA,12478,JFK,New York,12892,LAX,California,1158,-2,1214,1443,1455,-5,0,,0,329,2475
20,4,10/20/16,AA,N793AA,12478,JFK,New York,12892,LAX,California,1152,-8,1210,1442,1446,-14,0,,0,332,2475
21,5,10/21/16,AA,N789AA,12478,JFK,New York,12892,LAX,California,1155,-5,1209,1425,1432,-28,0,,0,316,2475
22,6,10/22/16,AA,N788AA,12478,JFK,New York,12892,LAX,California,1151,-9,1207,1431,1439,-21,0,,0,324,2475
23,7,10/23/16,AA,N798AA,12478,JFK,New York,12892,LAX,California,1154,-6,1211,1434,1440,-20,0,,0,323,2475
24,1,10/24/16,AA,N786AA,12478,JFK,New York,12892,LAX,California,1159,-1,1216,1510,1518,18,0,,0,354,2475
25,2,10/25/16,AA,N798AA,12478,JFK,New York,12892,LAX,California,1154,-6,1211,1453,1456,-4,0,,0,342,2475
26,3,10/26/16,AA,N785AA,12478,JFK,New York,12892,LAX,California,1157,-3,1215,1437,1443,-17,0,,0,322,2475
27,4,10/27/16,AA,N789AA,12478,JFK,New York,12892,LAX,California,1207,7,1225,1500,1512,12,0,,0,335,2475
28,5,10/28/16,AA,N793AA,12478,JFK,New York,12892,LAX,California,1156,-4,1219,1444,1450,-10,0,,0,325,2475
29,6,10/29/16,AA,N790AA,12478,JFK,New York,12892,LAX,California,1154,-6,1210,1434,1516,16,0,,0,324,2475
30,7,10/30/16,AA,N794AA,12478,JFK,New York,12892,LAX,California,1202,2,1218,1447,1452,-8,0,,0,329,2475
31,1,10/31/16,AA,N791AA,12478,JFK,New York,12892,LAX,California,1252,52,1305,1534,1543,43,0,,0,329,2475
2,7,10/2/16,AA,N786AA,12892,LAX,California,12478,JFK,New York,1128,-2,1231,2014,2026,23,0,,0,283,2475
3,1,10/3/16,AA,N794AA,12892,LAX,California,12478,JFK,New York,1126,-4,1154,1956,2009,6,0,,0,302,2475
4,2,10/4/16,AA,N784AA,12892,LAX,California,12478,JFK,New York,1132,2,1148,1935,1947,-16,0,,0,287,2475
5,3,10/5/16,AA,N793AA,12892,LAX,California,12478,JFK,New York,1130,0,1156,1936,1947,-16,0,,0,280,2475
6,4,10/6/16,AA,N787AA,12892,LAX,California,12478,JFK,New York,1129,-1,1209,1955,2004,1,0,,0,286,2475
7,5,10/7/16,AA,N796AA,12892,LAX,California,12478,JFK,New York,1136,6,1150,1942,1951,-12,0,,0,292,2475
8,6,10/8/16,AA,N786AA,12892,LAX,California,12478,JFK,New York,1127,-3,1153,1947,2000,-3,0,,0,294,2475
9,7,10/9/16,AA,N790AA,12892,LAX,California,12478,JFK,New York,1134,4,1212,2012,2023,20,0,,0,300,2475
10,1,10/10/16,AA,N784AA,12892,LAX,California,12478,JFK,New York,1123,-7,1142,1929,1938,-25,0,,0,287,2475
11,2,10/11/16,AA,N795AA,12892,LAX,California,12478,JFK,New York,1142,12,1210,2002,2020,17,0,,0,292,2475
12,3,10/12/16,AA,N793AA,12892,LAX,California,12478,JFK,New York,1213,43,1230,2009,2016,13,0,,0,279,2475
13,4,10/13/16,AA,N792AA,12892,LAX,California,12478,JFK,New York,1129,-1,1151,1949,1959,-4,0,,0,298,2475
14,5,10/14/16,AA,N785AA,12892,LAX,California,12478,JFK,New York,1149,19,1220,2010,2026,23,0,,0,290,2475
15,6,10/15/16,AA,N786AA,12892,LAX,California,12478,JFK,New York,1126,-4,1204,1948,1959,-4,0,,0,284,2475
16,7,10/16/16,AA,N787AA,12892,LAX,California,12478,JFK,New York,1123,-7,1221,2024,2034,31,0,,0,303,2475
17,1,10/17/16,AA,N783AA,12892,LAX,California,12478,JFK,New York,1131,1,1151,1918,1925,-38,0,,0,267,2475
18,2,10/18/16,AA,N796AA,12892,LAX,California,12478,JFK,New York,1138,8,1203,1951,1958,-5,0,,0,288,2475
19,3,10/19/16,AA,N784AA,12892,LAX,California,12478,JFK,New York,1115,-15,1202,1948,2010,7,0,,0,286,2475
20,4,10/20/16,AA,N789AA,12892,LAX,California,12478,JFK,New York,1126,-4,1208,2010,2022,19,0,,0,302,2475
21,5,10/21/16,AA,N783AA,12892,LAX,California,12478,JFK,New York,1144,14,1207,2008,2025,22,0,,0,301,2475
22,6,10/22/16,AA,N789AA,12892,LAX,California,12478,JFK,New York,1136,6,1154,1949,1953,-10,0,,0,295,2475
23,7,10/23/16,AA,N792AA,12892,LAX,California,12478,JFK,New York,1217,47,1231,2016,2033,30,0,,0,285,2475
24,1,10/24/16,AA,N787AA,12892,LAX,California,12478,JFK,New York,1335,125,1414,2151,2157,114,0,,0,277,2475
25,2,10/25/16,AA,N788AA,12892,LAX,California,12478,JFK,New York,1128,-2,1155,1945,1951,-12,0,,0,290,2475
26,3,10/26/16,AA,N798AA,12892,LAX,California,12478,JFK,New York,1132,2,1201,1956,2025,22,0,,0,295,2475
27,4,10/27/16,AA,N784AA,12892,LAX,California,12478,JFK,New York,1142,12,1156,1956,2010,7,0,,0,300,2475
28,5,10/28/16,AA,N791AA,12892,LAX,California,12478,JFK,New York,1138,8,1204,1959,2003,0,0,,0,295,2475
29,6,10/29/16,AA,N788AA,12892,LAX,California,12478,JFK,New York,1127,-3,1144,1934,1943,-20,0,,0,290,2475
30,7,10/30/16,AA,N788AA,12892,LAX,California,12478,JFK,New York,1123,-7,1142,2001,2006,3,0,,0,319,2475
31,1,10/31/16,AA,N799AA,12892,LAX,California,12478,JFK,New York,1127,-3,1138,1916,1925,-38,0,,0,278,2475
1,6,10/1/16,AA,N397AA,11298,DFW,Texas,12173,HNL,Hawaii,1212,62,1229,1515,1519,45,0,,0,466,3784
2,7,10/2/16,AA,N383AA,11298,DFW,Texas,12173,HNL,Hawaii,1106,-4,1125,1407,1418,-16,0,,0,462,3784
3,1,10/3/16,AA,N383AA,11298,DFW,Texas,12173,HNL,Hawaii,1107,-3,1132,1441,1446,12,0,,0,489,3784
4,2,10/4/16,AA,N353AA,11298,DFW,Texas,12173,HNL,Hawaii,1106,-4,1124,1451,1456,22,0,,0,507,3784
5,3,10/5/16,AA,N373AA,11298,DFW,Texas,12173,HNL,Hawaii,1414,184,1429,1716,1719,165,0,,0,467,3784
6,4,10/6/16,AA,N382AA,11298,DFW,Texas,12173,HNL,Hawaii,1106,-4,1142,1505,1509,35,0,,0,503,3784
7,5,10/7/16,AA,N382AA,11298,DFW,Texas,12173,HNL,Hawaii,1103,-7,1130,1432,1441,7,0,,0,482,3784
8,6,10/8/16,AA,N377AA,11298,DFW,Texas,12173,HNL,Hawaii,1119,9,1137,1418,1423,-11,0,,0,461,3784
9,7,10/9/16,AA,N365AA,11298,DFW,Texas,12173,HNL,Hawaii,1104,-6,1126,1416,1420,-14,0,,0,470,3784
10,1,10/10/16,AA,N380AA,11298,DFW,Texas,12173,HNL,Hawaii,1102,-8,1125,1434,1438,4,0,,0,489,3784
11,2,10/11/16,AA,N383AA,11298,DFW,Texas,12173,HNL,Hawaii,1702,352,1719,2005,2012,338,0,,0,466,3784
12,3,10/12/16,AA,N383AA,11298,DFW,Texas,12173,HNL,Hawaii,1249,99,1304,1552,1556,82,0,,0,468,3784
13,4,10/13/16,AA,N353AA,11298,DFW,Texas,12173,HNL,Hawaii,1120,10,1145,1430,1437,3,0,,0,465,3784
14,5,10/14/16,AA,N380AA,11298,DFW,Texas,12173,HNL,Hawaii,1156,46,1211,1450,1453,19,0,,0,459,3784
15,6,10/15/16,AA,N373AA,11298,DFW,Texas,12173,HNL,Hawaii,1114,4,1137,1423,1427,-7,0,,0,466,3784
16,7,10/16/16,AA,N380AA,11298,DFW,Texas,12173,HNL,Hawaii,1108,-2,1129,1417,1421,-13,0,,0,468,3784
17,1,10/17/16,AA,N380AA,11298,DFW,Texas,12173,HNL,Hawaii,1109,-1,1128,1418,1428,-6,0,,0,470,3784
18,2,10/18/16,AA,N373AA,11298,DFW,Texas,12173,HNL,Hawaii,1105,-5,1126,1406,1411,-23,0,,0,460,3784
19,3,10/19/16,AA,N353AA,11298,DFW,Texas,12173,HNL,Hawaii,1114,4,1136,1418,1425,-9,0,,0,462,3784
20,4,10/20/16,AA,N383AA,11298,DFW,Texas,12173,HNL,Hawaii,1104,-6,1134,1433,1439,5,0,,0,479,3784
21,5,10/21/16,AA,N377AA,11298,DFW,Texas,12173,HNL,Hawaii,1104,-6,1137,1444,1447,13,0,,0,487,3784
22,6,10/22/16,AA,N354AA,11298,DFW,Texas,12173,HNL,Hawaii,1108,-2,1124,1412,1416,-18,0,,0,468,3784
23,7,10/23/16,AA,N369AA,11298,DFW,Texas,12173,HNL,Hawaii,1132,22,1148,1427,1433,-1,0,,0,459,3784
24,1,10/24/16,AA,N377AA,11298,DFW,Texas,12173,HNL,Hawaii,1103,-7,1123,1428,1432,-2,0,,0,485,3784
25,2,10/25/16,AA,N365AA,11298,DFW,Texas,12173,HNL,Hawaii,1110,0,1135,1451,1456,22,0,,0,496,3784
26,3,10/26/16,AA,N353AA,11298,DFW,Texas,12173,HNL,Hawaii,1155,45,1205,1458,1501,27,0,,0,473,3784
27,4,10/27/16,AA,N382AA,11298,DFW,Texas,12173,HNL,Hawaii,1156,46,1208,1458,1500,26,0,,0,470,3784
28,5,10/28/16,AA,N365AA,11298,DFW,Texas,12173,HNL,Hawaii,1105,-5,1137,1503,1506,32,0,,0,506,3784
29,6,10/29/16,AA,N380AA,11298,DFW,Texas,12173,HNL,Hawaii,1106,-4,1125,1422,1428,-6,0,,0,477,3784
30,7,10/30/16,AA,N387AA,11298,DFW,Texas,12173,HNL,Hawaii,1108,-2,1130,1439,1443,9,0,,0,489,3784
9,7,10/9/16,WN,N733SA,10140,ABQ,New Mexico,11259,DAL,Texas,1211,1,1218,1437,1443,-2,0,,0,79,580
9,7,10/9/16,WN,N200WN,10140,ABQ,New Mexico,11259,DAL,Texas,1403,8,1411,1632,1637,2,0,,0,81,580
9,7,10/9/16,WN,N7717D,10140,ABQ,New Mexico,11259,DAL,Texas,1833,8,1840,2055,2059,-1,0,,0,75,580
9,7,10/9/16,WN,N8306H,10140,ABQ,New Mexico,11292,DEN,Colorado,1053,-7,1059,1154,1200,-15,0,,0,55,349
9,7,10/9/16,WN,N230WN,10140,ABQ,New Mexico,11292,DEN,Colorado,1633,3,1641,1735,1744,4,0,,0,54,349
9,7,10/9/16,WN,N620SW,10140,ABQ,New Mexico,12191,HOU,Texas,622,-3,633,913,916,-9,0,,0,100,759
9,7,10/9/16,WN,N459WN,10140,ABQ,New Mexico,12191,HOU,Texas,1313,3,1325,1604,1610,0,0,,0,99,759
9,7,10/9/16,WN,N931WN,10140,ABQ,New Mexico,12191,HOU,Texas,1644,4,1650,1928,1933,-2,0,,0,98,759
9,7,10/9/16,WN,N568WN,10140,ABQ,New Mexico,12889,LAS,Nevada,1058,-2,1105,1115,1121,-9,0,,0,70,486
9,7,10/9/16,WN,N7840A,10140,ABQ,New Mexico,12889,LAS,Nevada,1635,0,1647,1659,1703,-2,0,,0,72,486
9,7,10/9/16,WN,N935WN,10140,ABQ,New Mexico,12889,LAS,Nevada,1557,2,1604,1614,1624,-1,0,,0,70,486
9,7,10/9/16,WN,N935WN,10140,ABQ,New Mexico,12889,LAS,Nevada,2023,23,2032,2049,2054,24,0,,0,77,486
9,7,10/9/16,WN,N770SA,10140,ABQ,New Mexico,12889,LAS,Nevada,740,-5,749,759,803,-12,0,,0,70,486
9,7,10/9/16,WN,N357SW,10140,ABQ,New Mexico,12892,LAX,California,1845,10,1859,1942,1952,22,0,,0,103,677
9,7,10/9/16,WN,N376SW,10140,ABQ,New Mexico,12892,LAX,California,1034,49,1042,1121,1132,47,0,,0,99,677
9,7,10/9/16,WN,N8663A,10140,ABQ,New Mexico,13198,MCI,Missouri,1345,0,1354,1625,1629,-6,0,,0,91,718
9,7,10/9/16,WN,N8329B,10140,ABQ,New Mexico,13232,MDW,Illinois,855,0,907,1222,1228,-17,0,,0,135,1121
9,7,10/9/16,WN,N8632A,10140,ABQ,New Mexico,13232,MDW,Illinois,1637,12,1649,2003,2016,11,0,,0,134,1121
9,7,10/9/16,WN,N946WN,10140,ABQ,New Mexico,13796,OAK,California,2029,14,2039,2151,2200,20,0,,0,132,889
9,7,10/9/16,WN,N762SW,10140,ABQ,New Mexico,13796,OAK,California,1120,5,1132,1238,1244,4,0,,0,126,889
9,7,10/9/16,WN,N460WN,10140,ABQ,New Mexico,14057,PDX,Oregon,1144,-1,1155,1319,1323,-17,0,,0,144,1111
9,7,10/9/16,WN,N281WN,10140,ABQ,New Mexico,14107,PHX,Arizona,833,3,934,944,949,69,0,,0,70,328
9,7,10/9/16,WN,N444WN,10140,ABQ,New Mexico,14107,PHX,Arizona,1050,5,1118,1117,1120,20,0,,0,59,328
9,7,10/9/16,WN,N794SW,10140,ABQ,New Mexico,14107,PHX,Arizona,1958,-2,2034,2037,2040,25,0,,0,63,328
9,7,10/9/16,WN,N7747C,10140,ABQ,New Mexico,14107,PHX,Arizona,1828,33,1838,1834,1838,28,0,,0,56,328
9,7,10/9/16,WN,N930WN,10140,ABQ,New Mexico,14107,PHX,Arizona,1452,7,1459,1458,1502,7,0,,0,59,328
9,7,10/9/16,WN,N297WN,10140,ABQ,New Mexico,14107,PHX,Arizona,1301,11,1316,1314,1319,14,0,,0,58,328
9,7,10/9/16,WN,N488WN,10140,ABQ,New Mexico,14679,SAN,California,738,-2,748,822,826,-4,0,,0,94,628
9,7,10/9/16,WN,N964WN,10140,ABQ,New Mexico,14679,SAN,California,1728,-2,1801,1835,1838,23,0,,0,94,628
9,7,10/9/16,WN,N288WN,10257,ALB,New York,10821,BWI,Maryland,725,-5,733,827,836,-9,0,,0,54,289
9,7,10/9/16,WN,N965WN,10257,ALB,New York,10821,BWI,Maryland,1445,-5,1453,1551,1556,-9,0,,0,58,289
9,7,10/9/16,WN,N557WN,10257,ALB,New York,10821,BWI,Maryland,1718,3,1728,1823,1830,-5,0,,0,55,289
9,7,10/9/16,WN,N910WN,10257,ALB,New York,10821,BWI,Maryland,1342,2,1348,1441,1446,-4,0,,0,53,289
9,7,10/9/16,WN,N7715E,10257,ALB,New York,10821,BWI,Maryland,1039,-6,1050,1145,1150,-5,0,,0,55,289
9,7,10/9/16,WN,N781WN,10257,ALB,New York,12889,LAS,Nevada,1206,-4,1216,1412,1419,-16,0,,0,296,2237
9,7,10/9/16,WN,N8629A,10257,ALB,New York,13204,MCO,Florida,811,6,822,1059,1108,8,0,,0,157,1073
9,7,10/9/16,WN,N7847A,10257,ALB,New York,13232,MDW,Illinois,1725,0,1752,1846,1850,0,0,,0,114,717
9,7,10/9/16,WN,N8628A,10257,ALB,New York,13232,MDW,Illinois,603,3,612,704,710,-20,0,,0,112,717
9,7,10/9/16,WN,N462WN,10257,ALB,New York,15304,TPA,Florida,1026,-4,1034,1316,1321,-9,0,,0,162,1130
9,7,10/9/16,WN,N383SW,10279,AMA,Texas,11259,DAL,Texas,546,-4,601,646,703,3,0,,0,45,323
9,7,10/9/16,WN,N274WN,10279,AMA,Texas,11259,DAL,Texas,1826,-4,1833,1924,1932,-8,0,,0,51,323
9,7,10/9/16,WN,N731SA,10279,AMA,Texas,11259,DAL,Texas,1025,-5,1032,1122,1126,-14,0,,0,50,323
9,7,10/9/16,WN,N645SW,10279,AMA,Texas,11259,DAL,Texas,1245,0,1252,1343,1347,-3,0,,0,51,323
9,7,10/9/16,WN,N7829B,10279,AMA,Texas,12889,LAS,Nevada,1625,0,1637,1624,1630,0,0,,0,107,758
9,7,10/9/16,WN,N252WN,10397,ATL,Georgia,10423,AUS,Texas,949,-6,1004,1058,1102,-18,0,,0,114,813
9,7,10/9/16,WN,N242WN,10397,ATL,Georgia,10423,AUS,Texas,1747,17,1801,1855,1859,4,0,,0,114,813
9,7,10/9/16,WN,N208WN,10397,ATL,Georgia,10721,BOS,Massachusetts,2209,179,2225,26,36,171,0,,0,121,946
9,7,10/9/16,WN,N7842A,10397,ATL,Georgia,10721,BOS,Massachusetts,1350,-5,1410,1629,1640,10,0,,0,139,946
9,7,10/9/16,WN,N394SW,10397,ATL,Georgia,10721,BOS,Massachusetts,956,-4,1022,1222,1231,-4,0,,0,120,946
9,7,10/9/16,WN,N439WN,10397,ATL,Georgia,10821,BWI,Maryland,1527,-3,1546,1707,1710,-15,0,,0,81,577
9,7,10/9/16,WN,N608SW,10397,ATL,Georgia,10821,BWI,Maryland,643,-2,653,815,825,-5,0,,0,82,577
9,7,10/9/16,WN,N227WN,10397,ATL,Georgia,10821,BWI,Maryland,1131,1,1141,1301,1308,-7,0,,0,80,577
9,7,10/9/16,WN,N224WN,10397,ATL,Georgia,10821,BWI,Maryland,1244,-1,1258,1419,1424,-6,0,,0,81,577
9,7,10/9/16,WN,N482WN,10397,ATL,Georgia,10821,BWI,Maryland,1913,58,1924,2047,2051,41,0,,0,83,577
9,7,10/9/16,WN,N378SW,10397,ATL,Georgia,10821,BWI,Maryland,2028,3,2041,2202,2211,-4,0,,0,81,577
9,7,10/9/16,WN,N7822A,10397,ATL,Georgia,10821,BWI,Maryland,856,6,909,1032,1037,-8,0,,0,83,577
9,7,10/9/16,WN,N641SW,10397,ATL,Georgia,10874,CAK,Ohio,823,-2,837,951,955,-10,0,,0,74,528
9,7,10/9/16,WN,N456WN,10397,ATL,Georgia,10874,CAK,Ohio,2152,12,2214,2323,2328,13,0,,0,69,528
9,7,10/9/16,WN,N362SW,10397,ATL,Georgia,10874,CAK,Ohio,1426,-9,1437,1549,1552,-18,0,,0,72,528
9,7,10/9/16,WN,N278WN,10397,ATL,Georgia,11066,CMH,Ohio,822,-3,846,953,958,-2,0,,0,67,447
9,7,10/9/16,WN,N7714B,10397,ATL,Georgia,11066,CMH,Ohio,1521,-4,1548,1653,1658,-2,0,,0,65,447
9,7,10/9/16,WN,N644SW,10397,ATL,Georgia,11066,CMH,Ohio,2136,-4,2156,2304,2309,-1,0,,0,68,447
9,7,10/9/16,WN,N221WN,10397,ATL,Georgia,11259,DAL,Texas,744,-1,753,842,850,-5,0,,0,109,721
9,7,10/9/16,WN,N652SW,10397,ATL,Georgia,11259,DAL,Texas,1725,0,1740,1824,1828,-12,0,,0,104,721
9,7,10/9/16,WN,N291WN,10397,ATL,Georgia,11259,DAL,Texas,1931,21,1950,2038,2042,17,0,,0,108,721
9,7,10/9/16,WN,N8681M,10397,ATL,Georgia,11259,DAL,Texas,2107,-3,2118,2200,2206,-29,0,,0,102,721
9,7,10/9/16,WN,N398SW,10397,ATL,Georgia,11259,DAL,Texas,1209,-1,1225,1313,1318,3,0,,0,108,721
9,7,10/9/16,WN,N7827A,10397,ATL,Georgia,11278,DCA,Virginia,929,-6,938,1103,1108,-7,0,,0,85,547
9,7,10/9/16,WN,N950WN,10397,ATL,Georgia,11278,DCA,Virginia,1250,-5,1304,1423,1428,-7,0,,0,79,547
9,7,10/9/16,WN,N221WN,10397,ATL,Georgia,11278,DCA,Virginia,2030,0,2045,2202,2208,-2,0,,0,77,547
9,7,10/9/16,WN,N231WN,10397,ATL,Georgia,11278,DCA,Virginia,1552,-3,1601,1718,1727,-13,0,,0,77,547
9,7,10/9/16,WN,N410WN,10397,ATL,Georgia,11292,DEN,Colorado,1018,-2,1032,1117,1125,-20,0,,0,165,1199
9,7,10/9/16,WN,N7825A,10397,ATL,Georgia,11292,DEN,Colorado,1316,-4,1327,1409,1437,-3,0,,0,162,1199
9,7,10/9/16,WN,N245WN,10397,ATL,Georgia,11292,DEN,Colorado,1823,-2,1835,1917,1938,-12,0,,0,162,1199
9,7,10/9/16,WN,N631SW,10397,ATL,Georgia,11433,DTW,Michigan,1511,-4,1530,1914,1920,-10,0,,1,460,594
9,7,10/9/16,WN,N909WN,10397,ATL,Georgia,11433,DTW,Michigan,2215,5,2225,2348,2352,-13,0,,0,83,594
9,7,10/9/16,WN,N389SW,10397,ATL,Georgia,11433,DTW,Michigan,825,-5,847,1015,1025,-5,0,,0,88,594
9,7,10/9/16,WN,N558WN,10397,ATL,Georgia,11697,FLL,Florida,850,-5,901,1027,1031,-19,0,,0,86,581
9,7,10/9/16,WN,N389SW,10397,ATL,Georgia,11697,FLL,Florida,1345,10,1357,1524,1528,8,0,,0,87,581
9,7,10/9/16,WN,N7722B,10397,ATL,Georgia,11697,FLL,Florida,1939,4,1954,2119,2124,-1,0,,0,85,581
9,7,10/9/16,WN,N255WN,10397,ATL,Georgia,11697,FLL,Florida,1615,-5,1625,1755,1758,-12,0,,0,90,581
9,7,10/9/16,WN,N360SW,10397,ATL,Georgia,11697,FLL,Florida,1050,0,1106,1232,1237,-8,0,,0,86,581
9,7,10/9/16,WN,N7722B,10397,ATL,Georgia,11996,GSP,South Carolina,1621,-4,1632,1703,1708,-12,0,,0,31,153
9,7,10/9/16,WN,N7825A,10397,ATL,Georgia,11996,GSP,South Carolina,1010,-5,1023,1054,1059,-16,0,,0,31,153
9,7,10/9/16,WN,N918WN,10397,ATL,Georgia,11996,GSP,South Carolina,2143,-2,2152,2222,2227,-13,0,,0,30,153
9,7,10/9/16,WN,N8321D,10397,ATL,Georgia,12191,HOU,Texas,1346,1,1403,1444,1448,-2,0,,0,101,696
9,7,10/9/16,WN,N790SW,10397,ATL,Georgia,12191,HOU,Texas,2229,29,2242,2322,2325,15,0,,0,100,696
9,7,10/9/16,WN,N759GS,10397,ATL,Georgia,12191,HOU,Texas,1944,9,1957,2040,2043,-2,0,,0,103,696
9,7,10/9/16,WN,N910WN,10397,ATL,Georgia,12191,HOU,Texas,1750,-5,1805,1849,1853,-17,0,,0,104,696
9,7,10/9/16,WN,N969WN,10397,ATL,Georgia,12191,HOU,Texas,627,-3,639,720,724,-16,0,,0,101,696
9,7,10/9/16,WN,N275WN,10397,ATL,Georgia,12264,IAD,Virginia,834,-1,847,1006,1011,-19,0,,0,79,534
9,7,10/9/16,WN,N7704B,10397,ATL,Georgia,12264,IAD,Virginia,2213,13,2226,2340,2345,0,0,,0,74,534
9,7,10/9/16,WN,N7728D,10397,ATL,Georgia,12339,IND,Indiana,2139,-1,2209,2312,2316,11,0,,0,63,432
9,7,10/9/16,WN,N7874B,10397,ATL,Georgia,12339,IND,Indiana,821,-4,834,935,939,-21,0,,0,61,432
9,7,10/9/16,WN,N384SW,10397,ATL,Georgia,12339,IND,Indiana,1516,-4,1538,1644,1649,-6,0,,0,66,432
9,7,10/9/16,WN,N396SW,10397,ATL,Georgia,12451,JAX,Florida,1131,-4,1144,1227,1232,-8,0,,0,43,270
9,7,10/9/16,WN,N288WN,10397,ATL,Georgia,12451,JAX,Florida,1338,-2,1347,1430,1437,-3,0,,0,43,270
9,7,10/9/16,WN,N968WN,10397,ATL,Georgia,12451,JAX,Florida,1955,30,2013,2056,2102,27,0,,0,43,270
9,7,10/9/16,WN,N7824A,10397,ATL,Georgia,12889,LAS,Nevada,1940,15,1954,2052,2058,3,0,,0,238,1747
9,7,10/9/16,WN,N203WN,10397,ATL,Georgia,12889,LAS,Nevada,906,-4,920,1017,1021,-19,0,,0,237,1747
9,7,10/9/16,WN,N7845A,10397,ATL,Georgia,12889,LAS,Nevada,1537,-3,1547,1641,1651,-19,0,,0,234,1747
9,7,10/9/16,WN,N758SW,10397,ATL,Georgia,12889,LAS,Nevada,1332,-3,1342,1435,1440,-15,0,,0,233,1747
9,7,10/9/16,WN,N7730A,10397,ATL,Georgia,12892,LAX,California,956,-4,1011,1136,1149,-1,0,,0,265,1946
9,7,10/9/16,WN,N202WN,10397,ATL,Georgia,12892,LAX,California,1821,1,1839,2006,2014,-1,0,,0,267,1946
9,7,10/9/16,WN,N943WN,10397,ATL,Georgia,12892,LAX,California,1328,3,1345,1515,1524,14,0,,0,270,1946
9,7,10/9/16,WN,N454WN,10397,ATL,Georgia,12953,LGA,New York,548,-2,601,737,753,-2,0,,0,96,762
9,7,10/9/16,WN,N447WN,10397,ATL,Georgia,12953,LGA,New York,2055,0,2123,2306,2314,4,0,,0,103,762
9,7,10/9/16,WN,N498WN,10397,ATL,Georgia,12953,LGA,New York,1809,39,1839,2020,2028,43,0,,0,101,762
9,7,10/9/16,WN,N923WN,10397,ATL,Georgia,12953,LGA,New York,827,2,837,1020,1025,-25,0,,0,103,762
9,7,10/9/16,WN,N437WN,10397,ATL,Georgia,12953,LGA,New York,1333,8,1342,1519,1527,-3,0,,0,97,762
9,7,10/9/16,WN,N697SW,10397,ATL,Georgia,13198,MCI,Missouri,823,-2,840,925,930,-10,0,,0,105,692
9,7,10/9/16,WN,N396SW,10397,ATL,Georgia,13198,MCI,Missouri,1510,-5,1525,1610,1615,-10,0,,0,105,692
9,7,10/9/16,WN,N639SW,10397,ATL,Georgia,13198,MCI,Missouri,2153,13,2214,2255,2259,9,0,,0,101,692
9,7,10/9/16,WN,N7720F,10397,ATL,Georgia,13204,MCO,Florida,2039,-1,2052,2149,2155,-10,0,,0,57,404
9,7,10/9/16,WN,N434WN,10397,ATL,Georgia,13204,MCO,Florida,1346,-4,1359,1503,1511,-9,0,,0,64,404
9,7,10/9/16,WN,N401WN,10397,ATL,Georgia,13204,MCO,Florida,1925,0,1942,2043,2049,-6,0,,0,61,404
9,7,10/9/16,WN,N904WN,10397,ATL,Georgia,13204,MCO,Florida,1031,-4,1045,1143,1151,-14,0,,0,58,404
9,7,10/9/16,WN,N423WN,10397,ATL,Georgia,13204,MCO,Florida,1245,10,1256,1354,1357,-8,0,,0,58,404
9,7,10/9/16,WN,N7701B,10397,ATL,Georgia,13232,MDW,Illinois,1840,0,1852,1921,1925,-10,0,,0,89,591
9,7,10/9/16,WN,N496WN,10397,ATL,Georgia,13232,MDW,Illinois,939,-1,951,1017,1020,-15,0,,0,86,591
9,7,10/9/16,WN,N258WN,10397,ATL,Georgia,13232,MDW,Illinois,2009,-1,2026,2055,2057,-8,0,,0,89,591
9,7,10/9/16,WN,N298WN,10397,ATL,Georgia,13232,MDW,Illinois,1323,-2,1335,1401,1406,-14,0,,0,86,591
9,7,10/9/16,WN,N905WN,10397,ATL,Georgia,13232,MDW,Illinois,2114,4,2130,2158,2206,-4,0,,0,88,591
9,7,10/9/16,WN,N7843A,10397,ATL,Georgia,13232,MDW,Illinois,1209,-1,1222,1249,1303,-2,0,,0,87,591
9,7,10/9/16,WN,N568WN,10397,ATL,Georgia,13232,MDW,Illinois,629,-1,640,709,713,-12,0,,0,89,591
9,7,10/9/16,WN,N236WN,10397,ATL,Georgia,13342,MKE,Wisconsin,2142,-3,2204,2237,2240,-10,0,,0,93,669
9,7,10/9/16,WN,N288WN,13232,MDW,Illinois,13871,OMA,Nebraska,1714,-6,1722,1826,1830,-15,0,,0,64,423
9,7,10/9/16,WN,N901WN,13232,MDW,Illinois,13871,OMA,Nebraska,1535,-5,1546,1653,1657,-8,0,,0,67,423
9,7,10/9/16,WN,N224WN,13232,MDW,Illinois,13871,OMA,Nebraska,1939,-1,1954,2057,2102,-8,0,,0,63,423
9,7,10/9/16,WN,N7823A,13232,MDW,Illinois,13871,OMA,Nebraska,925,-5,933,1038,1042,-18,0,,0,65,423
9,7,10/9/16,WN,N8641B,13232,MDW,Illinois,13891,ONT,California,833,-2,851,1035,1041,-9,0,,0,224,1706
9,7,10/9/16,WN,N8682B,13232,MDW,Illinois,13931,ORF,Virginia,2132,-3,2143,9,13,-17,0,,0,86,704
9,7,10/9/16,WN,N204WN,13232,MDW,Illinois,13931,ORF,Virginia,1058,-2,1108,1342,1347,-8,0,,0,94,704
9,7,10/9/16,WN,N8697C,13232,MDW,Illinois,14057,PDX,Oregon,828,-2,840,1034,1046,-14,0,,0,234,1751
9,7,10/9/16,WN,N728SW,13232,MDW,Illinois,14057,PDX,Oregon,1937,-3,1957,2151,2156,-19,0,,0,234,1751
9,7,10/9/16,WN,N8657B,13232,MDW,Illinois,14100,PHL,Pennsylvania,1343,-2,1402,1635,1642,-3,0,,0,93,668
9,7,10/9/16,WN,N938WN,13232,MDW,Illinois,14100,PHL,Pennsylvania,1532,-3,1559,1823,1829,-1,0,,0,84,668
9,7,10/9/16,WN,N455WN,13232,MDW,Illinois,14100,PHL,Pennsylvania,1822,-3,1840,2109,2114,-6,0,,0,89,668
9,7,10/9/16,WN,N917WN,13232,MDW,Illinois,14100,PHL,Pennsylvania,1953,-2,2016,2239,2244,-11,0,,0,83,668
9,7,10/9/16,WN,N8688J,13232,MDW,Illinois,14100,PHL,Pennsylvania,2141,11,2157,21,26,6,0,,0,84,668
9,7,10/9/16,WN,N951WN,13232,MDW,Illinois,14100,PHL,Pennsylvania,619,-1,627,857,903,-12,0,,0,90,668
9,7,10/9/16,WN,N8306H,13232,MDW,Illinois,14107,PHX,Arizona,1951,-4,2024,2143,2146,6,0,,0,199,1444
9,7,10/9/16,WN,N8667D,13232,MDW,Illinois,14107,PHX,Arizona,1720,-5,1736,1902,1905,0,0,,0,206,1444
9,7,10/9/16,WN,N8625A,13232,MDW,Illinois,14107,PHX,Arizona,1513,-2,1523,1640,1645,-10,0,,0,197,1444
9,7,10/9/16,WN,N798SW,13232,MDW,Illinois,14107,PHX,Arizona,907,-8,922,1040,1045,-15,0,,0,198,1444
9,7,10/9/16,WN,N773SA,13232,MDW,Illinois,14107,PHX,Arizona,1351,-9,1409,1533,1538,-7,0,,0,204,1444
9,7,10/9/16,WN,N7846A,13232,MDW,Illinois,14107,PHX,Arizona,1237,-8,1248,1413,1420,-5,0,,0,205,1444
9,7,10/9/16,WN,N763SW,13232,MDW,Illinois,14122,PIT,Pennsylvania,1854,-6,1907,2101,2107,-13,0,,0,54,402
9,7,10/9/16,WN,N258WN,13232,MDW,Illinois,14122,PIT,Pennsylvania,2145,-5,2203,2358,4,-6,0,,0,55,402
9,7,10/9/16,WN,N968WN,13232,MDW,Illinois,14122,PIT,Pennsylvania,1350,-5,1405,1601,1607,-18,0,,0,56,402
9,7,10/9/16,WN,N496WN,13232,MDW,Illinois,14122,PIT,Pennsylvania,1114,-1,1125,1319,1325,-10,0,,0,54,402
9,7,10/9/16,WN,N8690A,13232,MDW,Illinois,14307,PVD,Rhode Island,2127,-3,2141,25,30,-5,0,,0,104,842
9,7,10/9/16,WN,N8699A,13232,MDW,Illinois,14307,PVD,Rhode Island,1341,6,1358,1643,1648,3,0,,0,105,842
9,7,10/9/16,WN,N932WN,13232,MDW,Illinois,14307,PVD,Rhode Island,950,10,1000,1242,1246,1,0,,0,102,842
9,7,10/9/16,WN,N287WN,13232,MDW,Illinois,14492,RDU,North Carolina,1049,19,1058,1319,1323,8,0,,0,81,632
9,7,10/9/16,WN,N8601C,13232,MDW,Illinois,14492,RDU,North Carolina,2123,13,2136,1,5,10,0,,0,85,632
9,7,10/9/16,WN,N8685B,13232,MDW,Illinois,14492,RDU,North Carolina,1345,0,1356,1619,1622,-18,0,,0,83,632
9,7,10/9/16,WN,N7735A,13232,MDW,Illinois,14570,RNO,Nevada,1025,15,1033,1213,1218,-2,0,,0,220,1680
9,7,10/9/16,WN,N464WN,13232,MDW,Illinois,14635,RSW,Florida,1326,-4,1341,1706,1710,-5,0,,0,145,1105
9,7,10/9/16,WN,N7714B,13232,MDW,Illinois,14635,RSW,Florida,1815,0,1828,2151,2156,-4,0,,0,143,1105
9,7,10/9/16,WN,N725SW,13232,MDW,Illinois,14635,RSW,Florida,732,-3,744,1106,1112,-3,0,,0,142,1105
9,7,10/9/16,WN,N8670A,13232,MDW,Illinois,14679,SAN,California,1025,-5,1036,1224,1229,-11,0,,0,228,1728
9,7,10/9/16,WN,N8691A,13232,MDW,Illinois,14679,SAN,California,1507,-3,1516,1705,1709,-11,0,,0,229,1728
9,7,10/9/16,WN,N8675A,13232,MDW,Illinois,14679,SAN,California,1853,-2,1906,2055,2100,-10,0,,0,229,1728
9,7,10/9/16,WN,N8687A,13232,MDW,Illinois,14679,SAN,California,854,24,904,1052,1055,10,0,,0,228,1728
9,7,10/9/16,WN,N749SW,13232,MDW,Illinois,14683,SAT,Texas,836,6,846,1112,1118,-2,0,,0,146,1036
9,7,10/9/16,WN,N416WN,13232,MDW,Illinois,14683,SAT,Texas,2015,-5,2042,2307,2312,2,0,,0,145,1036
9,7,10/9/16,WN,N789SW,13232,MDW,Illinois,14730,SDF,Kentucky,1334,-6,1344,1526,1532,-18,0,,0,42,271
9,7,10/9/16,WN,N8672F,13232,MDW,Illinois,14730,SDF,Kentucky,2128,-2,2142,2325,2330,-10,0,,0,43,271
9,7,10/9/16,WN,N784SW,13232,MDW,Illinois,14730,SDF,Kentucky,1855,0,1908,2047,2053,-7,0,,0,39,271
9,7,10/9/16,WN,N715SW,13232,MDW,Illinois,14747,SEA,Washington,1944,-1,2010,2214,2218,-7,0,,0,244,1733
9,7,10/9/16,WN,N290WN,13232,MDW,Illinois,14747,SEA,Washington,1450,-5,1457,1700,1707,-23,0,,0,243,1733
9,7,10/9/16,WN,N8610A,13232,MDW,Illinois,14747,SEA,Washington,915,-5,926,1126,1134,-16,0,,0,240,1733
9,7,10/9/16,WN,N7702A,13232,MDW,Illinois,14771,SFO,California,1210,25,1219,1424,1443,28,0,,0,245,1855
9,7,10/9/16,WN,N216WR,13232,MDW,Illinois,14771,SFO,California,1945,0,2030,2236,2248,23,0,,0,246,1855
9,7,10/9/16,WN,N8317M,13232,MDW,Illinois,14771,SFO,California,820,-5,832,1032,1042,-18,0,,0,240,1855
9,7,10/9/16,WN,N476WN,13232,MDW,Illinois,14831,SJC,California,1952,2,2028,2234,2238,8,0,,0,246,1838
9,7,10/9/16,WN,N7749B,13232,MDW,Illinois,14869,SLC,Utah,1942,-3,2008,2209,2215,5,0,,0,181,1259
9,7,10/9/16,WN,N8672F,13232,MDW,Illinois,14869,SLC,Utah,1255,-5,1305,1457,1500,-20,0,,0,172,1259
9,7,10/9/16,WN,N8667D,13232,MDW,Illinois,14869,SLC,Utah,855,0,905,1059,1102,-23,0,,0,174,1259
9,7,10/9/16,WN,N8601C,13232,MDW,Illinois,14893,SMF,California,831,6,843,1038,1046,-4,0,,0,235,1790
9,7,10/9/16,WN,N7727A,13232,MDW,Illinois,14908,SNA,California,833,-2,848,1044,1048,-12,0,,0,236,1731
9,7,10/9/16,WN,N947WN,13232,MDW,Illinois,15016,STL,Missouri,2022,2,2043,2127,2130,0,0,,0,44,251
9,7,10/9/16,WN,N227WN,13232,MDW,Illinois,15016,STL,Missouri,1821,1,1832,1915,1921,-4,0,,0,43,251
9,7,10/9/16,WN,N902WN,13232,MDW,Illinois,15016,STL,Missouri,1619,-1,1629,1711,1715,-10,0,,0,42,251
9,7,10/9/16,WN,N8616C,13232,MDW,Illinois,15016,STL,Missouri,1428,-2,1438,1521,1527,-8,0,,0,43,251
9,7,10/9/16,WN,N8682B,13232,MDW,Illinois,15016,STL,Missouri,757,-3,807,852,858,-7,0,,0,45,251
9,7,10/9/16,WN,N8665D,13232,MDW,Illinois,15016,STL,Missouri,1214,-6,1226,1309,1314,-11,0,,0,43,251
9,7,10/9/16,WN,N456WN,13232,MDW,Illinois,15304,TPA,Florida,1508,-2,1517,1829,1833,-7,0,,0,132,997
9,7,10/9/16,WN,N296WN,13232,MDW,Illinois,15304,TPA,Florida,1826,6,1856,2206,2211,21,0,,0,130,997
9,7,10/9/16,WN,N216WR,13232,MDW,Illinois,15304,TPA,Florida,653,-7,703,1011,1016,-14,0,,0,128,997
9,7,10/9/16,WN,N8628A,13232,MDW,Illinois,15376,TUS,Arizona,835,10,845,1000,1005,0,0,,0,195,1440
9,7,10/9/16,WN,N7877H,13244,MEM,Tennessee,10821,BWI,Maryland,1056,-9,1113,1346,1351,-19,0,,0,93,787
9,7,10/9/16,WN,N7876A,13244,MEM,Tennessee,11259,DAL,Texas,635,0,647,750,753,-2,0,,0,63,423
9,7,10/9/16,WN,N608SW,13244,MEM,Tennessee,11259,DAL,Texas,1510,10,1523,1643,1647,22,0,,0,80,423
9,7,10/9/16,WN,N904WN,13244,MEM,Tennessee,12191,HOU,Texas,1923,-7,1935,2050,2054,-16,0,,0,75,484
9,7,10/9/16,WN,N737JW,13244,MEM,Tennessee,12191,HOU,Texas,616,11,626,741,745,0,0,,0,75,484
9,7,10/9/16,WN,N7707C,13244,MEM,Tennessee,13204,MCO,Florida,807,17,822,1055,1105,20,0,,0,93,684
9,7,10/9/16,WN,N7837A,13244,MEM,Tennessee,13232,MDW,Illinois,1010,-5,1023,1129,1135,-15,0,,0,66,480
9,7,10/9/16,WN,N7841A,13244,MEM,Tennessee,13232,MDW,Illinois,1821,-4,1835,1942,1953,-12,0,,0,67,480
9,7,10/9/16,WN,N383SW,13244,MEM,Tennessee,15304,TPA,Florida,1156,6,1205,1433,1437,-3,0,,0,88,655
9,7,10/9/16,WN,N942WN,13296,MHT,New Hampshire,10821,BWI,Maryland,718,-2,729,838,842,-8,0,,0,69,377
9,7,10/9/16,WN,N7826B,13296,MHT,New Hampshire,10821,BWI,Maryland,1814,-1,1823,1932,1937,-13,0,,0,69,377
9,7,10/9/16,WN,N257WN,13296,MHT,New Hampshire,10821,BWI,Maryland,1314,-1,1323,1434,1439,-6,0,,0,71,377
9,7,10/9/16,WN,N235WN,13296,MHT,New Hampshire,10821,BWI,Maryland,810,-5,819,926,935,-10,0,,0,67,377
9,7,10/9/16,WN,N8611F,13296,MHT,New Hampshire,10821,BWI,Maryland,1049,-1,1059,1209,1215,-15,0,,0,70,377
9,7,10/9/16,WN,N483WN,13296,MHT,New Hampshire,10821,BWI,Maryland,1456,-4,1507,1620,1623,-7,0,,0,73,377
9,7,10/9/16,WN,N407WN,13296,MHT,New Hampshire,10821,BWI,Maryland,1606,-4,1615,1725,1731,-9,0,,0,70,377
9,7,10/9/16,WN,N771SA,13296,MHT,New Hampshire,13204,MCO,Florida,1423,8,1433,1720,1725,5,0,,0,167,1142
9,7,10/9/16,WN,N417WN,13296,MHT,New Hampshire,13204,MCO,Florida,630,0,640,926,932,-3,0,,0,166,1142
9,7,10/9/16,WN,N224WN,13296,MHT,New Hampshire,13232,MDW,Illinois,1708,3,1732,1839,1842,-3,0,,0,127,838
9,7,10/9/16,WN,N7818L,13296,MHT,New Hampshire,13232,MDW,Illinois,927,22,937,1048,1051,16,0,,0,131,838
9,7,10/9/16,WN,N8658A,13296,MHT,New Hampshire,13232,MDW,Illinois,552,-3,604,712,717,-13,0,,0,128,838
9,7,10/9/16,WN,N746SW,13296,MHT,New Hampshire,15304,TPA,Florida,1216,6,1222,1524,1528,3,0,,0,182,1204
9,7,10/9/16,WN,N759GS,13342,MKE,Wisconsin,10397,ATL,Georgia,1540,-5,1550,1822,1828,-17,0,,0,92,669
9,7,10/9/16,WN,N943WN,13342,MKE,Wisconsin,10397,ATL,Georgia,925,-5,936,1209,1215,-15,0,,0,93,669
9,7,10/9/16,WN,N7832A,13342,MKE,Wisconsin,10397,ATL,Georgia,631,-4,644,916,922,-8,0,,0,92,669
9,7,10/9/16,WN,N600WN,13342,MKE,Wisconsin,10721,BOS,Massachusetts,949,-6,958,1250,1300,-10,0,,0,112,860
9,7,10/9/16,WN,N622SW,13342,MKE,Wisconsin,10721,BOS,Massachusetts,2009,154,2024,2316,2328,163,0,,0,112,860
9,7,10/9/16,WN,N610WN,13342,MKE,Wisconsin,10821,BWI,Maryland,1456,1,1509,1732,1737,-8,0,,0,83,641
9,7,10/9/16,WN,N8639B,13342,MKE,Wisconsin,10821,BWI,Maryland,1736,-4,1746,2010,2014,-21,0,,0,84,641
9,7,10/9/16,WN,N8620H,13342,MKE,Wisconsin,10821,BWI,Maryland,628,-7,647,914,920,-15,0,,0,87,641
9,7,10/9/16,WN,N412WN,13342,MKE,Wisconsin,11259,DAL,Texas,1627,27,1640,1842,1848,28,0,,0,122,850
9,7,10/9/16,WN,N495WN,13342,MKE,Wisconsin,11278,DCA,Virginia,1231,-4,1242,1500,1506,-14,0,,0,78,634
9,7,10/9/16,WN,N465WN,13342,MKE,Wisconsin,11278,DCA,Virginia,1822,2,1836,2101,2108,-2,0,,0,85,634
9,7,10/9/16,WN,N224WN,13342,MKE,Wisconsin,11278,DCA,Virginia,644,-6,654,917,923,-17,0,,0,83,634
9,7,10/9/16,WN,N8632A,13342,MKE,Wisconsin,11292,DEN,Colorado,1208,-2,1221,1327,1332,-13,0,,0,126,896
9,7,10/9/16,WN,N8317M,13342,MKE,Wisconsin,11292,DEN,Colorado,1855,0,1906,2011,2018,-7,0,,0,125,896
9,7,10/9/16,WN,N7717D,13342,MKE,Wisconsin,12889,LAS,Nevada,1109,-6,1118,1238,1243,-22,0,,0,200,1524
9,7,10/9/16,WN,N8623F,13342,MKE,Wisconsin,12889,LAS,Nevada,1519,-1,1531,1650,1654,-11,0,,0,199,1524
9,7,10/9/16,WN,N740SW,13342,MKE,Wisconsin,12889,LAS,Nevada,610,-5,619,741,749,-16,0,,0,202,1524
9,7,10/9/16,WN,N766SW,13342,MKE,Wisconsin,12892,LAX,California,1411,1,1420,1612,1620,-10,0,,0,232,1756
9,7,10/9/16,WN,N286WN,13342,MKE,Wisconsin,12953,LGA,New York,1617,2,1628,1906,1915,-5,0,,0,98,738
9,7,10/9/16,WN,N421LV,13342,MKE,Wisconsin,12953,LGA,New York,1116,-4,1127,1407,1414,-11,0,,0,100,738
9,7,10/9/16,WN,N950WN,13342,MKE,Wisconsin,12953,LGA,New York,549,-6,602,838,845,-15,0,,0,96,738
9,7,10/9/16,WN,N730SW,13342,MKE,Wisconsin,13198,MCI,Missouri,825,-5,834,941,945,-15,0,,0,67,436
9,7,10/9/16,WN,N8655D,13342,MKE,Wisconsin,13198,MCI,Missouri,1811,-4,1824,1930,1934,-11,0,,0,66,436
9,7,10/9/16,WN,N394SW,13342,MKE,Wisconsin,13204,MCO,Florida,1912,17,1922,2244,2251,11,0,,0,142,1066
9,7,10/9/16,WN,N285WN,13342,MKE,Wisconsin,13204,MCO,Florida,1256,-4,1306,1626,1633,-12,0,,0,140,1066
9,7,10/9/16,WN,N7736A,13342,MKE,Wisconsin,13204,MCO,Florida,556,-4,607,923,932,-18,0,,0,136,1066
9,7,10/9/16,WN,N394SW,13342,MKE,Wisconsin,13487,MSP,Minnesota,1532,7,1558,1658,1700,25,0,,0,60,297
9,7,10/9/16,WN,N906WN,13342,MKE,Wisconsin,13487,MSP,Minnesota,735,-5,746,839,846,-4,0,,0,53,297
9,7,10/9/16,WN,N254WN,13342,MKE,Wisconsin,14107,PHX,Arizona,818,-2,829,949,954,-16,0,,0,200,1460
9,7,10/9/16,WN,N8322X,13342,MKE,Wisconsin,14107,PHX,Arizona,1800,-5,1812,1932,1937,-8,0,,0,200,1460
9,7,10/9/16,WN,N470WN,13342,MKE,Wisconsin,14679,SAN,California,1635,-5,1645,1840,1844,-16,0,,0,235,1739
9,7,10/9/16,WN,N293WN,13342,MKE,Wisconsin,14747,SEA,Washington,940,-5,951,1154,1200,-5,0,,0,243,1694
9,7,10/9/16,WN,N712SW,13342,MKE,Wisconsin,14771,SFO,California,1021,6,1029,1232,1243,-2,0,,0,243,1845
9,7,10/9/16,WN,N637SW,13342,MKE,Wisconsin,15016,STL,Missouri,1052,-8,1103,1156,1201,-9,0,,0,53,317
9,7,10/9/16,WN,N384SW,13342,MKE,Wisconsin,15304,TPA,Florida,647,7,659,1020,1024,-6,0,,0,141,1075
9,7,10/9/16,WN,N7824A,13487,MSP,Minnesota,10397,ATL,Georgia,1550,40,1558,1855,1903,23,0,,0,117,907
9,7,10/9/16,WN,N906WN,13487,MSP,Minnesota,10397,ATL,Georgia,917,-3,928,1225,1234,-21,0,,0,117,907
9,7,10/9/16,WN,N7825A,13487,MSP,Minnesota,10397,ATL,Georgia,608,3,617,915,922,-13,0,,0,118,907
9,7,10/9/16,WN,N430WN,13487,MSP,Minnesota,10821,BWI,Maryland,550,-5,603,857,902,-13,0,,0,114,936
9,7,10/9/16,WN,N613SW,13487,MSP,Minnesota,10821,BWI,Maryland,1743,13,1755,2102,2107,17,0,,0,127,936
9,7,10/9/16,WN,N269WN,13487,MSP,Minnesota,10821,BWI,Maryland,1440,75,1449,1743,1747,62,0,,0,114,936
9,7,10/9/16,WN,N8672F,13487,MSP,Minnesota,11292,DEN,Colorado,626,-4,637,717,723,-17,0,,0,100,680
9,7,10/9/16,WN,N8640D,13487,MSP,Minnesota,11292,DEN,Colorado,1424,-1,1432,1506,1511,-14,0,,0,94,680
9,7,10/9/16,WN,N449WN,13487,MSP,Minnesota,11292,DEN,Colorado,1754,-1,1804,1840,1847,-13,0,,0,96,680
9,7,10/9/16,WN,N724SW,13487,MSP,Minnesota,11292,DEN,Colorado,843,-2,854,930,935,-10,0,,0,96,680
9,7,10/9/16,WN,N8624J,13487,MSP,Minnesota,11292,DEN,Colorado,1949,9,2003,2036,2048,-2,0,,0,93,680
9,7,10/9/16,WN,N605SW,13487,MSP,Minnesota,13198,MCI,Missouri,722,-3,734,834,839,-11,0,,0,60,393
9,7,10/9/16,WN,N637SW,13487,MSP,Minnesota,13198,MCI,Missouri,1812,-3,1819,1918,1922,-18,0,,0,59,393
9,7,10/9/16,WN,N8306H,13487,MSP,Minnesota,13232,MDW,Illinois,1659,9,1707,1809,1813,-2,0,,0,62,349
9,7,10/9/16,WN,N387SW,13487,MSP,Minnesota,13232,MDW,Illinois,1903,-2,1912,2020,2028,-2,0,,0,68,349
9,7,10/9/16,WN,N723SW,13487,MSP,Minnesota,13232,MDW,Illinois,1400,10,1409,1511,1514,-1,0,,0,62,349
9,7,10/9/16,WN,N8610A,13487,MSP,Minnesota,13232,MDW,Illinois,649,-1,659,758,804,-26,0,,0,59,349
9,7,10/9/16,WN,N8679A,13487,MSP,Minnesota,13232,MDW,Illinois,1539,-1,1548,1648,1652,-18,0,,0,60,349
9,7,10/9/16,WN,N773SA,13487,MSP,Minnesota,13232,MDW,Illinois,1146,-4,1155,1255,1258,-17,0,,0,60,349
9,7,10/9/16,WN,N290WN,13487,MSP,Minnesota,13232,MDW,Illinois,1247,-3,1302,1400,1404,-11,0,,0,58,349
9,7,10/9/16,WN,N394SW,13487,MSP,Minnesota,13342,MKE,Wisconsin,1738,28,1748,1831,1835,20,0,,0,43,297
9,7,10/9/16,WN,N7723E,13487,MSP,Minnesota,14107,PHX,Arizona,1054,-1,1102,1154,1159,-11,0,,0,172,1276
9,7,10/9/16,WN,N279WN,13487,MSP,Minnesota,14107,PHX,Arizona,1713,33,1729,1822,1827,32,0,,0,173,1276
9,7,10/9/16,WN,N448WN,13487,MSP,Minnesota,15016,STL,Missouri,1102,-3,1110,1214,1219,-11,0,,0,64,448
9,7,10/9/16,WN,N7739A,13487,MSP,Minnesota,15016,STL,Missouri,1726,6,1738,1843,1847,2,0,,0,65,448
9,7,10/9/16,WN,N483WN,13487,MSP,Minnesota,15016,STL,Missouri,533,-2,542,645,650,-15,0,,0,63,448
9,7,10/9/16,WN,N610WN,13495,MSY,Louisiana,10397,ATL,Georgia,725,-5,733,934,939,-11,0,,0,61,425
9,7,10/9/16,WN,N484WN,13495,MSY,Louisiana,10397,ATL,Georgia,1526,-4,1536,1736,1741,-14,0,,0,60,425
9,7,10/9/16,WN,N278WN,13495,MSY,Louisiana,10397,ATL,Georgia,1833,-2,1843,2044,2053,-7,0,,0,61,425
9,7,10/9/16,WN,N622SW,13495,MSY,Louisiana,10397,ATL,Georgia,1240,-5,1250,1450,1502,-3,0,,0,60,425
9,7,10/9/16,WN,N378SW,13495,MSY,Louisiana,10423,AUS,Texas,1432,2,1442,1547,1552,-3,0,,0,65,444
9,7,10/9/16,WN,N629SW,13495,MSY,Louisiana,10693,BNA,Tennessee,1839,-1,1847,1953,2000,-5,0,,0,66,471
9,7,10/9/16,WN,N7815L,13495,MSY,Louisiana,10693,BNA,Tennessee,1523,-2,1530,1632,1639,-16,0,,0,62,471
9,7,10/9/16,WN,N230WN,13495,MSY,Louisiana,10821,BWI,Maryland,556,-4,603,909,914,-16,0,,0,126,998
9,7,10/9/16,WN,N389SW,13495,MSY,Louisiana,10821,BWI,Maryland,1729,-1,1735,2039,2051,-9,0,,0,124,998
9,7,10/9/16,WN,N7821L,13495,MSY,Louisiana,10821,BWI,Maryland,1330,0,1337,1640,1645,-15,0,,0,123,998
9,7,10/9/16,WN,N280WN,13495,MSY,Louisiana,11259,DAL,Texas,726,-4,732,837,843,-12,0,,0,65,436
9,7,10/9/16,WN,N373SW,13495,MSY,Louisiana,11259,DAL,Texas,1225,0,1232,1340,1344,-6,0,,0,68,436
9,7,10/9/16,WN,N654SW,13495,MSY,Louisiana,11259,DAL,Texas,1918,-2,1929,2034,2039,-6,0,,0,65,436
9,7,10/9/16,WN,N601WN,13495,MSY,Louisiana,11259,DAL,Texas,1335,-10,1345,1451,1455,-15,0,,0,66,436
9,7,10/9/16,WN,N565WN,13495,MSY,Louisiana,11259,DAL,Texas,938,-2,946,1050,1057,-8,0,,0,64,436
9,7,10/9/16,WN,N624SW,13495,MSY,Louisiana,11259,DAL,Texas,2040,-5,2047,2153,2158,-12,0,,0,66,436
9,7,10/9/16,WN,N900WN,13495,MSY,Louisiana,11259,DAL,Texas,1054,-6,1102,1209,1213,-17,0,,0,67,436
9,7,10/9/16,WN,N412WN,13495,MSY,Louisiana,11278,DCA,Virginia,958,-7,1012,1333,1339,9,0,,0,141,969
9,7,10/9/16,WN,N777QC,13495,MSY,Louisiana,11278,DCA,Virginia,1625,0,1630,1929,1934,-16,0,,0,119,969
9,7,10/9/16,WN,N462WN,13495,MSY,Louisiana,11292,DEN,Colorado,1905,-5,1909,2026,2033,-32,0,,0,137,1062
9,7,10/9/16,WN,N415WN,13495,MSY,Louisiana,11292,DEN,Colorado,923,-7,930,1053,1102,-18,0,,0,143,1062
9,7,10/9/16,WN,N457WN,13495,MSY,Louisiana,11697,FLL,Florida,1654,4,1701,1930,1936,1,0,,0,89,674
9,7,10/9/16,WN,N914WN,13495,MSY,Louisiana,12191,HOU,Texas,1641,1,1649,1742,1745,-10,0,,0,53,302
9,7,10/9/16,WN,N780SW,13495,MSY,Louisiana,12191,HOU,Texas,1847,-3,1854,1949,2001,1,0,,0,55,302
9,7,10/9/16,WN,N261WN,13495,MSY,Louisiana,12191,HOU,Texas,2152,-8,2158,2247,2250,-20,0,,0,49,302
9,7,10/9/16,WN,N362SW,13495,MSY,Louisiana,12191,HOU,Texas,2100,-5,2107,2200,2210,-5,0,,0,53,302
9,7,10/9/16,WN,N382SW,13495,MSY,Louisiana,12191,HOU,Texas,1357,-3,1405,1455,1458,-12,0,,0,50,302
9,7,10/9/16,WN,N633SW,13495,MSY,Louisiana,12191,HOU,Texas,1157,7,1205,1258,1301,1,0,,0,53,302
9,7,10/9/16,WN,N780SW,13495,MSY,Louisiana,12191,HOU,Texas,950,-5,959,1050,1054,-11,0,,0,51,302
9,7,10/9/16,WN,N433LV,13495,MSY,Louisiana,12191,HOU,Texas,1957,-3,2011,2104,2106,-4,0,,0,53,302
9,7,10/9/16,WN,N777QC,13495,MSY,Louisiana,12889,LAS,Nevada,603,-7,610,730,737,-18,0,,0,200,1500
9,7,10/9/16,WN,N8653A,13495,MSY,Louisiana,12889,LAS,Nevada,1440,-5,1450,1606,1612,-13,0,,0,196,1500
9,7,10/9/16,WN,N205WN,13495,MSY,Louisiana,12892,LAX,California,1455,5,1506,1701,1709,9,0,,0,235,1670
9,7,10/9/16,WN,N554WN,13495,MSY,Louisiana,12892,LAX,California,1029,9,1034,1221,1233,3,0,,0,227,1670
9,7,10/9/16,WN,N7752B,13495,MSY,Louisiana,13198,MCI,Missouri,1546,-4,1553,1724,1730,-15,0,,0,91,689
9,7,10/9/16,WN,N902WN,13495,MSY,Louisiana,13204,MCO,Florida,755,-5,802,1025,1032,-8,0,,0,83,551
9,7,10/9/16,WN,N422WN,13495,MSY,Louisiana,13204,MCO,Florida,1320,-5,1326,1543,1548,-17,0,,0,77,551
9,7,10/9/16,WN,N433LV,13495,MSY,Louisiana,13204,MCO,Florida,1519,-6,1525,1745,1755,-10,0,,0,80,551
9,7,10/9/16,WN,N204WN,13495,MSY,Louisiana,13232,MDW,Illinois,1828,3,1837,2024,2030,-15,0,,0,107,825
9,7,10/9/16,WN,N910WN,13495,MSY,Louisiana,13232,MDW,Illinois,719,-1,726,911,919,-16,0,,0,105,825
9,7,10/9/16,WN,N916WN,13495,MSY,Louisiana,13232,MDW,Illinois,1500,0,1507,1656,1658,-17,0,,0,109,825
9,7,10/9/16,WN,N945WN,13495,MSY,Louisiana,13796,OAK,California,1201,1,1210,1425,1431,-4,0,,0,255,1903
9,7,10/9/16,WN,N7830A,13495,MSY,Louisiana,14107,PHX,Arizona,901,-4,907,1006,1029,4,0,,0,179,1300
9,7,10/9/16,WN,N271LV,13495,MSY,Louisiana,14679,SAN,California,1348,8,1353,1530,1535,5,0,,0,217,1599
9,7,10/9/16,WN,N934WN,13495,MSY,Louisiana,14683,SAT,Texas,1802,-3,1810,1920,1924,-11,0,,0,70,494
9,7,10/9/16,WN,N730SW,13495,MSY,Louisiana,15016,STL,Missouri,1300,0,1306,1425,1431,-14,0,,0,79,604
9,7,10/9/16,WN,N7731A,13495,MSY,Louisiana,15304,TPA,Florida,1031,-4,1039,1250,1257,-3,0,,0,71,488
9,7,10/9/16,WN,N7841A,13495,MSY,Louisiana,15304,TPA,Florida,1404,14,1412,1621,1624,9,0,,0,69,488
9,7,10/9/16,WN,N7812G,13495,MSY,Louisiana,15304,TPA,Florida,1659,-6,1706,1915,1919,-11,0,,0,69,488
9,7,10/9/16,WN,N794SW,13796,OAK,California,10140,ABQ,New Mexico,1620,0,1627,1915,1921,-9,0,,0,108,889
9,7,10/9/16,WN,N200WN,13796,OAK,California,10140,ABQ,New Mexico,1014,-1,1024,1315,1319,-6,0,,0,111,889
9,7,10/9/16,WN,N774SW,13796,OAK,California,10397,ATL,Georgia,1429,39,1436,2141,2150,35,0,,0,245,2130
9,7,10/9/16,WN,N654SW,13796,OAK,California,10423,AUS,Texas,947,-3,957,1457,1511,-4,0,,0,180,1497
9,7,10/9/16,WN,N252WN,13796,OAK,California,10693,BNA,Tennessee,1415,-5,1423,2011,2019,-11,0,,0,228,1959
9,7,10/9/16,WN,N781WN,13796,OAK,California,10713,BOI,Idaho,1900,-5,1911,2118,2121,-9,0,,0,67,512
9,7,10/9/16,WN,N956WN,13796,OAK,California,10713,BOI,Idaho,855,-5,906,1112,1116,-14,0,,0,66,512
9,7,10/9/16,WN,N550WN,13796,OAK,California,10800,BUR,California,1043,3,1058,1147,1150,5,0,,0,49,325
9,7,10/9/16,WN,N287WN,13796,OAK,California,10800,BUR,California,1808,-2,1821,1913,1915,0,0,,0,52,325
9,7,10/9/16,WN,N223WN,13796,OAK,California,10800,BUR,California,1942,-3,1956,2045,2048,-2,0,,0,49,325
9,7,10/9/16,WN,N265WN,13796,OAK,California,10800,BUR,California,1912,17,1923,2013,2016,16,0,,0,50,325
9,7,10/9/16,WN,N290WN,13796,OAK,California,10800,BUR,California,2046,-4,2054,2145,2147,-8,0,,0,51,325
9,7,10/9/16,WN,N259WN,13796,OAK,California,10800,BUR,California,1155,0,1209,1259,1303,3,0,,0,50,325
9,7,10/9/16,WN,N961WN,13796,OAK,California,10800,BUR,California,1608,13,1617,1710,1718,18,0,,0,53,325
9,7,10/9/16,WN,N926WN,13796,OAK,California,10800,BUR,California,1703,8,1710,1802,1805,5,0,,0,52,325
9,7,10/9/16,WN,N7817J,13796,OAK,California,10800,BUR,California,935,0,943,1033,1036,-4,0,,0,50,325
9,7,10/9/16,WN,N7742B,13796,OAK,California,10800,BUR,California,1305,0,1321,1412,1416,6,0,,0,51,325
9,7,10/9/16,WN,N8678E,13796,OAK,California,10821,BWI,Maryland,1205,5,1214,1954,2000,-5,0,,0,280,2447
9,7,10/9/16,WN,N735SA,13796,OAK,California,11066,CMH,Ohio,848,-2,858,1600,1604,-11,0,,0,242,2110
9,7,10/9/16,WN,N251WN,13796,OAK,California,11259,DAL,Texas,1018,-2,1031,1528,1532,-13,0,,0,177,1468
9,7,10/9/16,WN,N550WN,13796,OAK,California,11259,DAL,Texas,1752,12,1801,2255,2259,-11,0,,0,174,1468
9,7,10/9/16,WN,N8634A,13796,OAK,California,11259,DAL,Texas,655,-5,711,1213,1217,-3,0,,0,182,1468
9,7,10/9/16,WN,N602SW,13796,OAK,California,11292,DEN,Colorado,1625,-5,1635,1937,1946,-4,0,,0,122,957
9,7,10/9/16,WN,N8326F,13796,OAK,California,11292,DEN,Colorado,1437,-3,1446,1744,1751,-9,0,,0,118,957
9,7,10/9/16,WN,N387SW,13796,OAK,California,11292,DEN,Colorado,1136,-4,1148,1453,1459,-1,0,,0,125,957
9,7,10/9/16,WN,N926WN,13796,OAK,California,11292,DEN,Colorado,2019,4,2026,2324,2330,-10,0,,0,118,957
9,7,10/9/16,WN,N7749B,13796,OAK,California,11292,DEN,Colorado,628,-7,635,938,943,-22,0,,0,123,957
9,7,10/9/16,WN,N411WN,13796,OAK,California,11884,GEG,Washington,1936,11,1943,2115,2120,5,0,,0,92,723
9,7,10/9/16,WN,N7836A,13796,OAK,California,11884,GEG,Washington,908,-2,920,1053,1057,-8,0,,0,93,723
9,7,10/9/16,WN,N762SW,13796,OAK,California,12191,HOU,Texas,1327,12,1345,1859,1904,4,0,,0,194,1642
9,7,10/9/16,WN,N8624J,13796,OAK,California,12191,HOU,Texas,735,-5,744,1306,1310,-15,0,,0,202,1642
9,7,10/9/16,WN,N8684F,13796,OAK,California,12889,LAS,Nevada,1912,-8,1922,2017,2023,-22,0,,0,55,407
9,7,10/9/16,WN,N8697C,13796,OAK,California,12889,LAS,Nevada,1420,-5,1441,1551,1559,9,0,,0,70,407
9,7,10/9/16,WN,N946WN,13796,OAK,California,12889,LAS,Nevada,933,-2,942,1046,1052,-8,0,,0,64,407
9,7,10/9/16,WN,N446WN,13796,OAK,California,12889,LAS,Nevada,1759,-1,1810,1913,1920,0,0,,0,63,407
9,7,10/9/16,WN,N387SW,13796,OAK,California,12889,LAS,Nevada,726,-4,738,842,846,-9,0,,0,64,407
9,7,10/9/16,WN,N388SW,13796,OAK,California,12889,LAS,Nevada,557,-3,609,714,721,-4,0,,0,65,407
9,7,10/9/16,WN,N7873A,13796,OAK,California,12889,LAS,Nevada,2037,-8,2047,2149,2155,-10,0,,0,62,407
9,7,10/9/16,WN,N740SW,13796,OAK,California,12889,LAS,Nevada,1610,0,1621,1737,1743,3,0,,0,76,407
9,7,10/9/16,WN,N7817J,13796,OAK,California,12889,LAS,Nevada,1251,-4,1319,1424,1429,9,0,,0,65,407
9,7,10/9/16,WN,N958WN,13796,OAK,California,12892,LAX,California,1827,2,1843,1937,1949,9,0,,0,54,337
9,7,10/9/16,WN,N429WN,13796,OAK,California,12892,LAX,California,1303,8,1316,1413,1419,9,0,,0,57,337
9,7,10/9/16,WN,N7727A,13796,OAK,California,12892,LAX,California,1342,17,1401,1459,1505,25,0,,0,58,337
9,7,10/9/16,WN,N767SW,13796,OAK,California,12892,LAX,California,1751,1,1759,1855,1900,-5,0,,0,56,337
9,7,10/9/16,WN,N220WN,13796,OAK,California,12892,LAX,California,2036,36,2045,2138,2145,30,0,,0,53,337
9,7,10/9/16,WN,N772SW,13796,OAK,California,12892,LAX,California,1504,29,1526,1623,1631,41,0,,0,57,337
9,7,10/9/16,WN,N420WN,13796,OAK,California,12892,LAX,California,1732,22,1740,1836,1844,19,0,,0,56,337
9,7,10/9/16,WN,N754SW,13796,OAK,California,12892,LAX,California,2156,6,2207,2302,2309,4,0,,0,55,337
9,7,10/9/16,WN,N243WN,13796,OAK,California,12892,LAX,California,955,0,1004,1057,1105,-10,0,,0,53,337
9,7,10/9/16,WN,N472WN,13796,OAK,California,12892,LAX,California,1143,-2,1155,1252,1258,-2,0,,0,57,337
9,7,10/9/16,WN,N420WN,13796,OAK,California,12892,LAX,California,1037,-3,1105,1205,1216,16,0,,0,60,337
9,7,10/9/16,WN,N487WN,13796,OAK,California,12954,LGB,California,1950,-5,1959,2102,2106,-9,0,,0,63,353
9,7,10/9/16,WN,N740SW,13796,OAK,California,12954,LGB,California,1227,-3,1248,1349,1353,3,0,,0,61,353
9,7,10/9/16,WN,N411WN,13796,OAK,California,12954,LGB,California,1558,28,1606,1707,1712,22,0,,0,61,353
9,7,10/9/16,WN,N954WN,13796,OAK,California,12954,LGB,California,839,-1,849,950,956,-4,0,,0,61,353
9,7,10/9/16,WN,N208WN,13796,OAK,California,13198,MCI,Missouri,619,-1,629,1128,1133,-12,0,,0,179,1489
9,7,10/9/16,WN,N947WN,13796,OAK,California,13232,MDW,Illinois,1340,0,1358,1935,1939,-6,0,,0,217,1844
9,7,10/9/16,WN,N901WN,13796,OAK,California,13232,MDW,Illinois,850,-5,859,1437,1441,-19,0,,0,218,1844
9,7,10/9/16,WN,N8699A,13796,OAK,California,13232,MDW,Illinois,646,6,701,1243,1258,8,0,,0,222,1844
9,7,10/9/16,WN,N7830A,13796,OAK,California,13232,MDW,Illinois,1439,4,1448,2026,2031,-9,0,,0,218,1844
9,7,10/9/16,WN,N433LV,13796,OAK,California,13495,MSY,Louisiana,847,-3,856,1438,1441,-9,0,,0,222,1903
9,7,10/9/16,WN,N554WN,13796,OAK,California,13891,ONT,California,1806,46,1819,1914,1919,44,0,,0,55,362
9,7,10/9/16,WN,N945WN,13796,OAK,California,13891,ONT,California,1513,3,1530,1622,1626,1,0,,0,52,362
9,7,10/9/16,WN,N243WN,13796,OAK,California,13891,ONT,California,1354,14,1430,1524,1529,34,0,,0,54,362
9,7,10/9/16,WN,N411WN,13796,OAK,California,13891,ONT,California,1202,-3,1222,1318,1323,3,0,,0,56,362
9,7,10/9/16,WN,N8673F,13796,OAK,California,13891,ONT,California,2216,71,2241,2336,2342,82,0,,0,55,362
9,7,10/9/16,WN,N757LV,13796,OAK,California,13891,ONT,California,1939,-6,1953,2052,2056,-4,0,,0,59,362
9,7,10/9/16,WN,N8313F,13796,OAK,California,13891,ONT,California,1023,-2,1032,1127,1133,-7,0,,0,55,362
9,7,10/9/16,WN,N953WN,13796,OAK,California,14057,PDX,Oregon,1702,12,1707,1821,1824,-1,0,,0,74,543
9,7,10/9/16,WN,N624SW,13796,OAK,California,14057,PDX,Oregon,855,-5,903,1020,1035,-5,0,,0,77,543
9,7,10/9/16,WN,N924WN,13796,OAK,California,14057,PDX,Oregon,1759,4,1811,1926,1929,-1,0,,0,75,543
9,7,10/9/16,WN,N969WN,13796,OAK,California,14057,PDX,Oregon,1103,-7,1110,1226,1230,-15,0,,0,76,543
9,7,10/9/16,WN,N397SW,13796,OAK,California,14057,PDX,Oregon,1925,-5,1933,2050,2058,-7,0,,0,77,543
9,7,10/9/16,WN,N632SW,13796,OAK,California,14107,PHX,Arizona,2020,0,2030,2156,2202,-8,0,,0,86,646
9,7,10/9/16,WN,N957WN,13796,OAK,California,14107,PHX,Arizona,1708,38,1716,1843,1847,27,0,,0,87,646
9,7,10/9/16,WN,N426WN,13796,OAK,California,14107,PHX,Arizona,1219,-1,1246,1418,1424,14,0,,0,92,646
9,7,10/9/16,WN,N710SW,13796,OAK,California,14107,PHX,Arizona,740,-5,747,918,924,-6,0,,0,91,646
9,7,10/9/16,WN,N621SW,13796,OAK,California,14107,PHX,Arizona,1055,0,1104,1233,1239,-6,0,,0,89,646
9,7,10/9/16,WN,N446WN,13796,OAK,California,14107,PHX,Arizona,613,-2,621,748,754,-16,0,,0,87,646
9,7,10/9/16,WN,N700GS,13796,OAK,California,14570,RNO,Nevada,1828,38,1835,1908,1912,32,0,,0,33,181
9,7,10/9/16,WN,N921WN,13796,OAK,California,14570,RNO,Nevada,2129,-1,2138,2206,2209,-11,0,,0,28,181
9,7,10/9/16,WN,N7816B,13796,OAK,California,14570,RNO,Nevada,1056,1,1107,1139,1144,-1,0,,0,32,181
9,7,10/9/16,WN,N752SW,13796,OAK,California,14679,SAN,California,1558,-2,1604,1712,1714,-11,0,,0,68,446
9,7,10/9/16,WN,N7873A,13796,OAK,California,14679,SAN,California,1643,-2,1651,1801,1806,-4,0,,0,70,446
9,7,10/9/16,WN,N767SW,13796,OAK,California,14679,SAN,California,2138,13,2145,2250,2254,4,0,,0,65,446
9,7,10/9/16,WN,N443WN,13796,OAK,California,14679,SAN,California,1408,8,1443,1548,1551,21,0,,0,65,446
9,7,10/9/16,WN,N206WN,13796,OAK,California,14679,SAN,California,1058,8,1108,1216,1219,4,0,,0,68,446
9,7,10/9/16,WN,N486WN,13796,OAK,California,14679,SAN,California,2033,-2,2041,2145,2148,-12,0,,0,64,446
9,7,10/9/16,WN,N766SW,13796,OAK,California,14679,SAN,California,1853,-2,1902,2009,2014,-6,0,,0,67,446
9,7,10/9/16,WN,N459WN,13796,OAK,California,14679,SAN,California,749,-1,759,903,905,-10,0,,0,64,446
9,7,10/9/16,WN,N944WN,13796,OAK,California,14679,SAN,California,1313,3,1337,1445,1447,12,0,,0,68,446
9,7,10/9/16,WN,N430WN,13796,OAK,California,14747,SEA,Washington,1639,-1,1649,1822,1827,-8,0,,0,93,672
9,7,10/9/16,WN,N8311Q,13796,OAK,California,14747,SEA,Washington,1915,-5,1924,2059,2109,-11,0,,0,95,672
9,7,10/9/16,WN,N731SA,13796,OAK,California,14747,SEA,Washington,1754,-1,1802,1937,1944,-6,0,,0,95,672
9,7,10/9/16,WN,N613SW,13796,OAK,California,14747,SEA,Washington,618,-7,634,810,817,-8,0,,0,96,672
9,7,10/9/16,WN,N8696E,13796,OAK,California,14747,SEA,Washington,908,-2,919,1053,1102,-8,0,,0,94,672
9,7,10/9/16,WN,N954WN,13796,OAK,California,14747,SEA,Washington,1224,-1,1236,1417,1424,4,0,,0,101,672
9,7,10/9/16,WN,N651SW,13796,OAK,California,14747,SEA,Washington,1037,-3,1045,1225,1233,-7,0,,0,100,672
9,7,10/9/16,WN,N478WN,13796,OAK,California,14869,SLC,Utah,807,-3,814,1032,1035,-15,0,,0,78,588
9,7,10/9/16,WN,N8623F,13796,OAK,California,14869,SLC,Utah,2115,0,2125,2343,2350,-5,0,,0,78,588
9,7,10/9/16,WN,N254WN,13796,OAK,California,14869,SLC,Utah,1339,-1,1348,1606,1611,-4,0,,0,78,588
9,7,10/9/16,WN,N272WN,13796,OAK,California,14908,SNA,California,1043,-2,1051,1158,1202,-3,0,B,0,67,371
9,7,10/9/16,WN,N945WN,13796,OAK,California,14908,SNA,California,1853,3,1904,2008,2012,2,0,,0,64,371
9,7,10/9/16,WN,N765SW,13796,OAK,California,14908,SNA,California,940,0,948,1050,1055,-10,0,,0,62,371
9,7,10/9/16,WN,N251WN,13796,OAK,California,14908,SNA,California,2101,1,2110,2215,2219,-1,0,,0,65,371
9,7,10/9/16,WN,N472WN,13796,OAK,California,14908,SNA,California,710,-5,721,823,827,-8,0,,0,62,371
9,7,10/9/16,WN,N719SW,13796,OAK,California,14908,SNA,California,1150,0,1200,1304,1308,-7,0,,0,64,371
9,7,10/9/16,WN,N265WN,13796,OAK,California,14908,SNA,California,1500,0,1520,1625,1630,10,0,,0,65,371
9,7,10/9/16,WN,N277WN,13796,OAK,California,15016,STL,Missouri,755,-10,809,1331,1334,-11,0,,0,202,1725
9,7,10/9/16,WN,N7843A,13851,OKC,Oklahoma,10397,ATL,Georgia,824,-1,835,1107,1115,-10,0,,0,92,761
9,7,10/9/16,WN,N697SW,13851,OKC,Oklahoma,10821,BWI,Maryland,1500,0,1512,1839,1845,-10,0,,0,147,1180
9,7,10/9/16,WN,N915WN,13851,OKC,Oklahoma,11259,DAL,Texas,1736,-4,1743,1817,1830,0,0,,0,34,181
9,7,10/9/16,WN,N280WN,13851,OKC,Oklahoma,11259,DAL,Texas,1100,-5,1108,1154,1159,-1,0,,0,46,181
9,7,10/9/16,WN,N259WN,13851,OKC,Oklahoma,11292,DEN,Colorado,653,-2,702,716,723,-7,0,,0,74,495
9,7,10/9/16,WN,N8698B,13851,OKC,Oklahoma,11292,DEN,Colorado,2003,-7,2011,2019,2026,-19,0,,0,68,495
9,7,10/9/16,WN,N632SW,13851,OKC,Oklahoma,11292,DEN,Colorado,1200,15,1207,1218,1224,9,0,,0,71,495
9,7,10/9/16,WN,N7722B,13851,OKC,Oklahoma,12191,HOU,Texas,738,-7,748,853,902,-8,0,,0,65,419
9,7,10/9/16,WN,N267WN,13851,OKC,Oklahoma,12191,HOU,Texas,1914,-1,1922,2028,2032,-3,0,,0,66,419
9,7,10/9/16,WN,N7719A,13851,OKC,Oklahoma,12191,HOU,Texas,1151,-4,1159,1304,1308,-7,0,,0,65,419
9,7,10/9/16,WN,N749SW,13851,OKC,Oklahoma,12191,HOU,Texas,1504,-1,1514,1620,1623,-2,0,,0,66,419
9,7,10/9/16,WN,N466WN,13851,OKC,Oklahoma,12889,LAS,Nevada,715,-5,724,737,743,-12,0,,0,133,986
9,7,10/9/16,WN,N648SW,13851,OKC,Oklahoma,12889,LAS,Nevada,1244,-6,1251,1310,1315,-10,0,,0,139,986
9,7,10/9/16,WN,N7820L,13851,OKC,Oklahoma,13232,MDW,Illinois,1815,0,1822,1950,1956,-14,0,,0,88,691
9,7,10/9/16,WN,N951WN,13851,OKC,Oklahoma,14107,PHX,Arizona,1852,12,1920,1923,1929,34,0,,0,123,833
9,7,10/9/16,WN,N614SW,13851,OKC,Oklahoma,14107,PHX,Arizona,612,-3,622,626,633,-7,0,,0,124,833
9,7,10/9/16,WN,N437WN,13851,OKC,Oklahoma,15016,STL,Missouri,524,-6,533,636,641,-9,0,,0,63,462
9,7,10/9/16,WN,N7877H,13851,OKC,Oklahoma,15016,STL,Missouri,1741,11,1750,1853,1856,6,0,,0,63,462
9,7,10/9/16,WN,N222WN,13871,OMA,Nebraska,11259,DAL,Texas,1532,2,1542,1706,1720,15,0,,0,84,585
9,7,10/9/16,WN,N419WN,13871,OMA,Nebraska,11278,DCA,Virginia,1133,-2,1140,1440,1444,-26,0,,0,120,1012
9,7,10/9/16,WN,N8615E,13871,OMA,Nebraska,11292,DEN,Colorado,659,-1,709,718,723,-22,0,,0,69,472
9,7,10/9/16,WN,N373SW,13871,OMA,Nebraska,11292,DEN,Colorado,1648,13,1654,1705,1712,7,0,,0,71,472
9,7,10/9/16,WN,N7735A,13871,OMA,Nebraska,11292,DEN,Colorado,2020,-5,2028,2038,2055,0,0,,0,70,472
9,7,10/9/16,WN,N901WN,13871,OMA,Nebraska,12889,LAS,Nevada,1735,-5,1742,1808,1818,-12,0,,0,146,1099
9,7,10/9/16,WN,N556WN,13871,OMA,Nebraska,12889,LAS,Nevada,925,-5,938,1009,1013,-7,0,,0,151,1099
9,7,10/9/16,WN,N7745A,13871,OMA,Nebraska,12889,LAS,Nevada,650,-5,701,728,732,-13,0,,0,147,1099
9,7,10/9/16,WN,N7823A,13871,OMA,Nebraska,13232,MDW,Illinois,1135,-5,1143,1245,1313,-7,0,,0,62,423
9,7,10/9/16,WN,N288WN,13871,OMA,Nebraska,13232,MDW,Illinois,1920,5,1932,2040,2044,-1,0,,0,68,423
9,7,10/9/16,WN,N8604K,13871,OMA,Nebraska,13232,MDW,Illinois,1329,-6,1338,1439,1444,-26,0,,0,61,423
9,7,10/9/16,WN,N783SW,13871,OMA,Nebraska,13232,MDW,Illinois,836,41,846,944,948,23,0,,0,58,423
9,7,10/9/16,WN,N8601C,13871,OMA,Nebraska,13232,MDW,Illinois,552,-3,601,702,705,-30,0,,0,61,423
9,7,10/9/16,WN,N390SW,13871,OMA,Nebraska,14107,PHX,Arizona,1924,19,1936,2018,2024,34,0,,0,162,1037
9,7,10/9/16,WN,N487WN,13871,OMA,Nebraska,15016,STL,Missouri,558,-2,614,702,706,1,0,,0,48,342
9,7,10/9/16,WN,N950WN,13871,OMA,Nebraska,15016,STL,Missouri,1741,-4,1752,1844,1849,-1,0,,0,52,342
9,7,10/9/16,WN,N466WN,13871,OMA,Nebraska,15016,STL,Missouri,1345,0,1352,1443,1448,-2,0,,0,51,342
9,7,10/9/16,WN,N562WN,13891,ONT,California,11292,DEN,Colorado,610,-5,621,904,910,-25,0,,0,103,819
9,7,10/9/16,WN,N243WN,13891,ONT,California,11292,DEN,Colorado,1559,29,1608,1851,1900,20,0,,0,103,819
9,7,10/9/16,WN,N554WN,13891,ONT,California,12889,LAS,Nevada,1942,37,1952,2027,2033,33,0,,0,35,197
9,7,10/9/16,WN,N7725A,13891,ONT,California,12889,LAS,Nevada,1602,-3,1618,1657,1701,-4,0,,0,39,197
9,7,10/9/16,WN,N8641B,13891,ONT,California,12889,LAS,Nevada,1143,-2,1154,1235,1241,-4,0,,0,41,197
9,7,10/9/16,WN,N8691A,13891,ONT,California,12889,LAS,Nevada,639,-6,649,723,726,-34,0,,0,34,197
9,7,10/9/16,WN,N8633A,13891,ONT,California,13232,MDW,Illinois,1434,4,1440,2001,2007,-13,0,,0,201,1706
9,7,10/9/16,WN,N411WN,13891,ONT,California,13796,OAK,California,1407,17,1413,1507,1513,13,0,,0,54,362
9,7,10/9/16,WN,N945WN,13891,ONT,California,13796,OAK,California,1705,10,1710,1802,1809,-1,0,,0,52,362
9,7,10/9/16,WN,N621SW,13891,ONT,California,13796,OAK,California,913,8,922,1018,1025,5,0,,0,56,362
9,7,10/9/16,WN,N921WN,13891,ONT,California,13796,OAK,California,1947,2,1957,2051,2056,1,0,,0,54,362
9,7,10/9/16,WN,N426WN,13891,ONT,California,13796,OAK,California,1021,1,1029,1115,1120,-15,0,,0,46,362
9,7,10/9/16,WN,N8696E,13891,ONT,California,13796,OAK,California,639,-1,648,742,748,-22,0,,0,54,362
9,7,10/9/16,WN,N7830A,13891,ONT,California,13796,OAK,California,1248,3,1252,1351,1356,1,0,,0,59,362
9,7,10/9/16,WN,N767SW,13891,ONT,California,14057,PDX,Oregon,738,-2,745,940,946,-14,0,,0,115,838
9,7,10/9/16,WN,N426WN,13891,ONT,California,14107,PHX,Arizona,1738,73,1753,1840,1846,71,0,,0,47,325
9,7,10/9/16,WN,N376SW,13891,ONT,California,14107,PHX,Arizona,2005,50,2011,2100,2105,40,0,,0,49,325
9,7,10/9/16,WN,N905WN,13891,ONT,California,14107,PHX,Arizona,1036,-4,1055,1144,1149,4,0,,0,49,325
9,7,10/9/16,WN,N8642E,13891,ONT,California,14107,PHX,Arizona,814,-1,840,931,938,8,0,,0,51,325
9,7,10/9/16,WN,N963WN,13891,ONT,California,14107,PHX,Arizona,1401,81,1406,1452,1459,69,0,,0,46,325
9,7,10/9/16,WN,N237WN,13891,ONT,California,14831,SJC,California,1027,-3,1033,1122,1126,-14,0,,0,49,333
9,7,10/9/16,WN,N8620H,13891,ONT,California,14831,SJC,California,1910,50,1919,2010,2022,57,0,,0,51,333
9,7,10/9/16,WN,N415WN,13891,ONT,California,14831,SJC,California,1915,210,1923,2014,2021,211,0,,0,51,333
9,7,10/9/16,WN,N8622A,13891,ONT,California,14831,SJC,California,635,0,645,736,739,-21,0,,0,51,333
9,7,10/9/16,WN,N727SW,13891,ONT,California,14893,SMF,California,2040,10,2047,2143,2148,3,0,,0,56,390
9,7,10/9/16,WN,N7875A,13891,ONT,California,14893,SMF,California,1536,16,1542,1638,1642,7,0,,0,56,390
9,7,10/9/16,WN,N963WN,13891,ONT,California,14893,SMF,California,908,-2,915,1012,1017,-8,0,,0,57,390
9,7,10/9/16,WN,N935WN,13891,ONT,California,14893,SMF,California,744,-1,751,849,852,-8,0,,0,58,390
9,7,10/9/16,WN,N271LV,13891,ONT,California,14893,SMF,California,1942,22,1948,2045,2048,13,0,,0,57,390
9,7,10/9/16,WN,N8313F,13891,ONT,California,14893,SMF,California,1230,0,1237,1334,1339,-6,0,,0,57,390
9,7,10/9/16,WN,N923WN,13931,ORF,Virginia,10821,BWI,Maryland,2117,-8,2124,2159,2209,-26,0,,0,35,159
9,7,10/9/16,WN,N957WN,13931,ORF,Virginia,10821,BWI,Maryland,1106,41,1116,1153,1156,36,0,,0,37,159
9,7,10/9/16,WN,N432WN,13931,ORF,Virginia,10821,BWI,Maryland,1924,-6,1934,2013,2016,-24,0,,0,39,159
9,7,10/9/16,WN,N204WN,13931,ORF,Virginia,10821,BWI,Maryland,1425,0,1434,1513,1520,-5,0,,0,39,159
9,7,10/9/16,WN,N850AA,13931,ORF,Virginia,10821,BWI,Maryland,830,0,904,1129,1132,-1,1,B,0,325,159
9,7,10/9/16,WN,N7822A,13931,ORF,Virginia,13204,MCO,Florida,1249,-1,1302,1436,1443,-2,0,,0,94,655
9,7,10/9/16,WN,N216WR,13931,ORF,Virginia,13232,MDW,Illinois,1740,0,1754,1845,1850,0,0,,0,111,704
9,7,10/9/16,WN,N791AA,13931,ORF,Virginia,13232,MDW,Illinois,1422,-8,1441,2238,2247,-15,1,B,0,297,704